Time_s,RL_SpeedOverride,Reward,TrackingError_mm,EE_Velocity_mms,TorqueMag_Nm
0,0.999600529670715,-0.0703317016913788,9.16476096e-16,0.848186554950747,155.800121930834
0.03,0.999600529670715,0.0795027523022731,0.0254455966485217,0.848186554950747,155.800121930834
0.06,0.999621570110321,0.033714761051569,0.19567595995489,5.67434544354562,155.800121930834
0.09,0.999639689922333,0.0395710904086289,0.634345106848964,14.6223048964691,155.800121930834
0.12,0.999601781368256,0.052018748334089,0.808852726911379,26.9616192441076,116.95574962827
0.15,0.999616920948029,0.0562571761554277,2.06896008794918,42.0035825693451,116.95574962827
0.18,0.999629616737366,0.0591740991169305,3.84199691480462,59.1012287076739,116.95574962827
0.21,0.999639868736267,0.0606974564019695,6.17147683707788,77.6493312471301,116.95574962827
0.24,0.99964827299118,0.0607794532758118,9.08400893491951,97.0844035282662,116.95574962827
0.27,0.999636650085449,0.0935201604136917,0.00056265373482727,116.884698644215,111.248456731448
0.3,0.999641597270966,0.0885251507538835,4.09739568799057,136.570209440662,111.248456731448
0.33,0.999644696712494,0.0760062499167725,8.7684757283285,155.702668515801,111.248456731448
0.36,0.999646246433258,0.062900362023853,13.9850421699894,173.885548220446,111.248456731448
0.39,0.999646306037903,0.0492778629015373,19.707963987309,190.764060657901,111.248456731448
0.42,0.999661087989807,0.0150916488712819,25.8887187164194,206.025157684022,124.009165869341
0.45,0.999658524990082,0.000715374006645225,32.4706446427256,219.39753090726,124.009165869341
0.48,0.999654650688171,-0.0138784246470902,39.3901929927532,230.651611688581,124.009165869341
0.51,0.99964964389801,-0.0285613143571134,46.5781801265423,239.599571141507,124.009165869341
0.54,0.999643623828888,-0.0432011387967293,53.9610397301644,246.095320132135,124.009165869341
0.57,0.99954617023468,0.0576621026916699,0.261377812793097,250.034509279016,102.714076469661
0.6,0.999536216259003,0.0435510350895713,7.80198120314384,251.354528953448,102.714076469661
0.63,0.999538004398346,0.0298841222809267,15.3030159297285,250.034509279018,102.714076469661
0.66,0.999551653862,0.0168203838152298,22.6858753469155,246.095320132132,102.714076469661
0.69,0.999563872814178,0.00450358968098803,29.8738623880088,239.599571141507,102.714076469661
0.72,0.999617338180542,0.0173762152307112,21.4908666598979,230.651611688581,141.362662428809
0.75,0.999625623226166,0.00694668116777301,28.0727925870438,219.397530907262,141.362662428809
0.78,0.999632477760315,-0.00238247094931987,34.253547317522,206.025157684019,141.362662428809
0.81,0.999637842178345,-0.0104963414602586,39.9764691372314,190.764060657901,141.362662428809
0.84,0.999641478061676,-0.0173077931026871,45.1930355838258,173.885548220448,141.362662428809
0.87,0.999602675437927,-0.0195769660822286,49.8641156392865,155.702668515811,111.672618701596
0.9,0.999603092670441,-0.0235809131368047,53.9612219224956,136.570209440641,111.672618701596
0.93,0.999601602554321,-0.0261431476259954,57.4677628818146,116.884698644214,111.672618701596
0.96,0.99959796667099,-0.0272460402555743,60.3802949876577,97.0844035282879,111.672618701596
0.99,0.999592125415802,-0.0337927815799687,62.7097749250671,77.6493312471147,111.672618701596
1.02,0.99958074092865,0.0355596772802223,10.5213004985267,59.1012287076892,144.061722012739
1.05,0.99957001209259,0.0279829164358095,11.781407974423,42.0035825693293,144.061722012739
1.08,0.999556601047516,0.0208215326148185,12.5902565511114,26.9616192441063,144.061722012739
1.11,0.999540269374847,0.0139307506927765,13.0289256976944,14.6223048964781,144.061722012739
1.14,0.999521017074585,0.00712789753494925,13.1991560608857,5.67434544355061,144.061722012739
1.17,0.999568939208984,-0.00354682599298674,13.224601657517,0.848186554942133,185.490618903983
1.2,0.999549806118011,-0.0175194174040362,13.2516354413534,1.6216270315681,185.490618903983
1.23,0.999590873718262,-0.0447403093414694,13.4356230381531,10.8486416155301,185.490618903983
1.26,0.999627113342285,-0.0402205077224186,13.9336025854256,27.9560254117693,185.490618903983
1.29,0.999656438827515,-0.0288419587870725,14.931989634499,51.5472572940325,185.490618903983
1.32,0.999592363834381,-8.05571277411321e-05,16.6550665463342,80.3056173432992,119.437934619341
1.35,0.999616265296936,0.00679171330018799,19.3295199685847,112.9941868478,119.437934619341
1.38,0.999634981155396,0.01087700794638,23.1301785639262,148.455848302967,119.437934619341
1.41,0.999649226665497,0.0120138985420124,28.1527590828175,185.613285411368,119.437934619341
1.44,0.999659597873688,0.0101559814407192,34.423215596911,223.468983082932,119.437934619341
1.47,0.999619841575623,-0.00980651802555704,41.9200905963363,261.105227434602,83.7829473695034
1.5,0.999623775482178,-0.0332669256193212,50.5916855988541,297.68410579073,83.7829473695034
1.53,0.999624311923981,-0.0579653680325766,60.3652533898279,332.447506682769,83.7829473695034
1.56,0.999621570110321,-0.0837330936186286,71.1513435077957,364.717119849399,83.7829473695034
1.59,0.999615550041199,-0.110382227774303,82.8461158749561,393.894436236567,83.7829473695034
1.62,0.999580383300781,-0.00327541217584693,35.34261848998,419.460747997334,104.850750680415
1.65,0.999567210674286,-0.0311713164896454,48.571932944741,440.977148492033,104.850750680415
1.68,0.999550580978394,-0.0592456772872229,62.31446891339,458.0845322883,104.850750680415
1.71,0.999530553817749,-0.0872381912077282,76.429576768213,470.503595160767,104.850750680415
1.74,0.999506831169128,-0.114885672388224,90.770621790957,478.034834091466,104.850750680415
1.77,0.999408900737762,-0.070970722947383,56.615378209043,480.558547269535,101.189202077539
1.8,0.999406218528748,-0.0970780990195771,70.956423231787,478.034834091466,101.189202077539
1.83,0.99943208694458,-0.122054561163486,85.07153108661,470.503595160767,101.189202077539
1.86,0.999454438686371,-0.145602805818204,98.814067055259,458.0845322883,101.189202077539
1.89,0.999473214149475,-0.167478211604277,112.04338151002,440.977148492033,101.189202077539
1.92,0.999388456344604,-0.0474687803047869,53.67120394994,419.460747997334,97.909289748679
1.95,0.999402344226837,-0.0652842816404077,65.488037037037,393.894436236567,97.909289748679
1.98,0.99941211938858,-0.380796756425337,76.429550632519,364.717119849399,97.909289748679
2.01,0.999417364597321,-0.393819547720031,86.402975833002,332.447506682767,97.909289748679
2.04,0.999418139457703,-0.404218401840917,95.333499006725,297.684105790768,97.909289748679
2.07,0.999149024486542,-0.304891010523204,37.678655829763,261.1052274346,37.9718042545497
2.1,0.999136090278625,-0.309715239672671,44.38272532225,223.468983082898,37.9718042545497
2.13,0.999115169048309,-0.31182918932642,49.951123884591,185.613285411368,37.9718042545497
2.16,0.99908572435379,-0.324352518392965,54.40479933368,148.455848302967,37.9718042545497
2.19,0.999046683311462,-0.339856537975076,57.794624939114,112.9941868478,37.9718042545497
2.22,0.999225497245789,-0.360165834452772,60.203793459413,80.3056173432992,108.601985528544
2.25,0.999177217483521,-0.373823601388814,61.750211178234,51.5472572940325,108.601985528544
2.28,0.99911767244339,-0.387008118713083,62.588891940587,27.9560254117674,108.601985528544
2.31,0.999044954776764,-0.400027376021501,62.914351189053,10.8486416155339,108.601985528544
2.34,0.998956561088562,-0.413306940325499,62.963,1.6216270315662,108.601985528544
2.37,0.99880838394165,-0.296970085532912,1.16435118905304,1.6216270315662,139.420507597802
2.4,0.998929381370544,-0.296341048538358,0.838891940587018,10.8486416155339,139.420507597802
2.43,0.999025702476501,-0.282107399549841,0.000211178233996634,27.9560254117674,139.420507597802
2.46,0.999110996723175,-0.271694430040135,1.54620654058698,51.5472572940325,139.420507597802
2.49,0.999184191226959,-0.26358723909603,3.95537506088596,80.3056173432992,139.420507597802
2.52,0.999359607696533,-0.276028960008804,0.000200666319983611,112.9941868478,188.158875825666
2.55,0.999406516551971,-0.273071147590962,4.453876115409,148.455848302967,188.158875825666
2.58,0.999447762966156,-0.272906187316898,10.02227467775,185.613285411368,188.158875825666
2.61,0.999484062194824,-0.275534851716126,16.726344170238,223.468983082932,188.158875825666
2.64,0.999516189098358,-0.285081402993817,24.559500993276,261.1052274346,188.158875825666
2.67,0.999555945396423,-0.296403925088586,33.490024166998,297.684105790734,194.995708027583
2.7,0.999580502510071,-0.321450600947361,43.463449367481,332.447506682767,194.995708027583
2.73,0.999602317810059,-0.0474886440038425,54.404962962963,364.717119849399,194.995708027583
2.76,0.999621629714966,-0.074347687267777,66.22179605006,393.894436236567,194.995708027583
2.79,0.999638736248016,-0.101833078633596,78.80561848998,419.460747997334,194.995708027583
2.82,0.999716460704803,-0.12751616580525,92.034932944741,440.977148492033,249.593076117311
2.85,0.999727189540863,-0.155561183236204,105.77746891339,458.0845322883,249.593076117311
2.88,0.999736249446869,-0.183543451118273,119.892576768213,470.503595160767,249.593076117311
2.91,0.999744057655334,-0.211179988885987,134.233621790957,478.034834091466,249.593076117311
2.94,0.999750733375549,-0.238200838633002,148.650378209043,480.558547269535,249.593076117311
2.97,0.999618113040924,-0.0828063468822421,57.214423231787,478.034834091466,180.666027395106
3,0.999662160873413,-0.107743827588468,71.32953108661,470.503595160767,180.666027395106
3.03,0.999699175357819,-0.131286618418189,85.072067055259,458.0845322883,180.666027395106
3.06,0.999730050563812,-0.153157625381478,98.30138151002,440.977148492033,180.666027395106
3.09,0.999755442142487,-0.173118998440264,110.88520394994,419.460747997334,180.666027395106
3.12,0.999756395816803,-0.0599601438947839,51.372037037037,393.894436236567,203.24070459955
3.15,0.99977445602417,-0.0754764989420882,62.313550632519,364.717119849399,203.24070459955
3.18,0.999788403511047,-0.0884968047227933,72.2869758330029,332.447506682799,203.24070459955
3.21,0.999798893928528,-0.0988930481614684,81.2174990067249,297.684105790734,203.24070459955
3.24,0.999806106090546,-0.106567204752812,89.050655829763,261.105227434602,203.24070459955
3.27,0.999807178974152,-0.126032048743922,95.75472532225,223.468983082898,198.730283123519
3.3,0.999808430671692,-0.128137004056401,101.323123884591,185.613285411368,198.730283123519
3.33,0.999806940555573,-0.140649461235756,105.77679933368,148.455848302967,198.730283123519
3.36,0.99980241060257,-0.156141160537792,109.166624939114,112.9941868478,198.730283123519
3.39,0.999794840812683,-0.170624388701603,111.575793459413,80.3056173432992,198.730283123519
3.42,0.99969345331192,0.00952464866675919,11.7992111782339,51.5472572940325,168.360912506171
3.45,0.999672770500183,-0.00362061899894318,12.637891940587,27.9560254117693,168.360912506171
3.48,0.999646425247192,-0.0166237115276082,12.9633511890529,10.8486416155301,168.360912506171
3.51,0.999613702297211,-0.0298837851129433,13.0119999999999,1.6216270315681,168.360912506171
3.54,0.999579846858978,-0.0284107991596014,13.0120004780203,0.11756795980015,168.360912506171
3.57,0.999575138092041,0.0430374805621837,0.000122834306992559,0.786526517099636,175.282606743678
3.6,0.999578058719635,0.0580241799028242,0.0609271895779955,2.02681184236676,175.282606743678
3.63,0.99958074092865,0.0587778463970052,0.173042474192997,3.73717615383337,175.282606743678
3.66,0.999583065509796,0.0593645672533223,0.347707191913997,5.82215725736669,175.282606743678
3.69,0.999585211277008,0.059768952581122,0.593469548307993,8.19207854646654,175.282606743678
3.72,0.999553263187408,0.0756187982473996,0.323361018366995,10.7630490019668,154.152166653912
3.75,0.999555051326752,0.0756393220262649,0.72706991413699,13.4569631923332,154.152166653912
3.78,0.999556660652161,0.075448383189949,1.213114952342,16.2015012735002,154.152166653912
3.81,0.999558091163635,0.0747559515116855,1.781018822012,18.9301289890002,154.152166653912
3.84,0.999559283256531,0.0730209179723708,2.42848175210699,21.582097669833,154.152166653912
3.87,0.999402701854706,0.0810965256161935,0.000444920858001296,24.1024442345003,72.6812210713693
3.9,0.999403774738312,0.0792568061154603,0.792814814814989,26.4419911890997,72.6812210713693
3.93,0.999404489994049,0.0773093728604,1.64953521362899,28.5573466271335,72.6812210713693
3.96,0.999405026435852,0.0753164765304335,2.561862340524,30.4109042298336,72.6812210713693
3.99,0.999405384063721,0.0732939925313882,3.52098763849399,31.9708432656663,72.6812210713693
4.02,0.999405264854431,0.0584436955094231,4.517321496221,33.2111285909003,72.6370948769574
4.05,0.999405145645142,0.0564147119724076,5.54066681569499,34.111510649133,72.6370948769574
4.08,0.999404728412628,0.0544106513552453,6.58039257984399,34.6575254716332,72.6370948769574
4.11,0.999404191970825,0.0524512732242807,7.62560742015599,34.8404946770666,72.6370948769574
4.14,0.999405801296234,0.0505566360803721,8.665333184305,34.6575254716337,72.6370948769574
4.17,0.999432384967804,0.0636059824063051,0.000321496221005191,34.1115106491335,89.6578161401203
4.2,0.999435722827911,0.0619073020637715,0.99601236150599,33.2111285908998,89.6578161401203
4.23,0.99943870306015,0.0603218503512783,1.95513765947598,31.9708432656663,89.6578161401203
4.26,0.99944132566452,0.0588748733390338,2.86746478637099,30.4109042298336,89.6578161401203
4.29,0.999443709850311,0.0575821927901757,3.72418518518498,28.557346627133,89.6578161401203
4.32,0.999503612518311,0.0751842633338749,0.000444920858001296,26.4419911891006,122.680417097544
4.35,0.999505043029785,0.0742578691543293,0.723518247892997,24.1024442344999,122.680417097544
4.38,0.999505996704102,0.0735042673014762,1.370981177988,21.5820976698334,122.680417097544
4.41,0.999506533145905,0.0729479488838235,1.938885047658,18.9301289890002,122.680417097544
4.44,0.999506771564484,0.0725930625906729,2.424930085863,16.2015012734997,122.680417097544
4.47,0.999581694602966,0.0741655398313362,2.82863898163299,13.4569631923332,167.811281604013
4.5,0.999581158161163,0.073280579327976,3.151530451692,10.7630490019668,167.811281604013
4.53,0.999580204486847,0.0721571844991499,3.39729280808598,8.19207854646606,167.811281604013
4.56,0.999578773975372,0.0711068090123272,3.57195752580699,5.82215725736717,167.811281604013
4.59,0.999577045440674,0.0701142239079046,3.68407281042198,3.7371761538329,167.811281604013
4.62,0.999506950378418,0.0777172162691716,0.0608771656930003,2.02681184236724,129.619087619044
4.65,0.999504089355469,0.0767945001330977,0.0844729612059893,0.786526517099636,129.619087619044
4.68,0.999500930309296,0.0758329581153129,0.0879999999999939,0.11756795980015,129.619087619044
4.71,0.999504268169403,0.061613429373736,0.102279088075567,1.5261618633487,129.619087619044
4.74,0.999544441699982,0.012151149705317,0.369433333963883,10.2099821847353,129.619087619044
4.77,0.999646246433258,0.00436500054494388,7.28106389678802e-05,26.3102544563459,174.638160085146
4.8,0.999674141407013,0.0141677314178013,1.45537469221325,48.5126707376006,174.638160085146
4.83,0.999697685241699,0.0217819387081748,3.72271548307496,75.578026398827,174.638160085146
4.86,0.99971741437912,0.0270293170082332,6.91298208638709,106.342220121297,174.638160085146
4.89,0.999733984470367,0.0297693948674287,11.1044697031563,139.716253897105,174.638160085146
4.92,0.999589800834656,0.0354216423893192,16.3450566939589,174.686233029291,41.8099252432963
4.95,0.999608993530273,0.0329793370588585,22.6544576778669,210.313366131763,41.8099252432963
4.98,0.999625086784363,0.0239903002866748,30.0264766317166,245.733965129274,41.8099252432963
5.01,0.999638617038727,0.00146690729586155,38.4312599894231,280.159445257523,41.8099252432963
5.04,0.999649882316589,-0.0221124366653102,47.8175497413021,312.876325063082,41.8099252432963
5.07,0.999758958816528,-0.0450760067507961,58.114936533394,343.246226403391,136.332180606899
5.1,0.999764442443848,-0.0703272947486261,69.23611276679,370.705874446774,136.332180606899
5.13,0.999768853187561,-0.0961984287957943,81.0791256969596,394.767097672507,136.332180606899
5.16,0.999772310256958,-0.122453268909816,93.5296305330754,415.016827870671,136.332180606899
5.19,0.999774992465973,-0.148868183951886,106.463143537339,431.117100142249,136.332180606899
5.22,0.999785721302032,-0.14773742804275,119.747295124312,442.80505289917,147.478477393954
5.25,0.999778807163239,-0.173750490887207,133.244082960237,449.892927864248,147.478477393954
5.28,0.999771237373352,-0.199185295656058,146.812125062367,452.268070071058,147.478477393954
5.31,0.99977433681488,-0.223779594801176,160.308912898293,449.892927864248,147.478477393954
5.34,0.999787867069244,-0.247285520311215,173.593064485267,442.80505289917,147.478477393954
5.37,0.999736547470093,-0.0453304621174515,53.2826628088404,431.117100142247,157.909668531676
5.4,0.999750375747681,-0.0659089778567614,65.7331676447029,415.016827870673,157.909668531676
5.43,0.999762415885925,-0.0846997938625038,77.5761805747098,394.767097672507,157.909668531676
5.46,0.999772369861603,-0.10148681519183,88.6973568079958,370.705874446774,157.909668531676
5.49,0.999780416488647,-0.116087005628447,98.9947436000125,343.246226403389,157.909668531676
5.52,0.999740958213806,-0.0028319171335791,42.6476815431898,312.876325063082,147.363338194867
5.55,0.999745905399323,-0.0126082342536439,51.0524649008708,280.159445257527,147.363338194867
5.58,0.999748468399048,-0.0198320910171004,58.4244838547203,245.733965129273,147.363338194867
5.61,0.999748468399048,-0.0244402269323358,64.7338848386539,210.313366131763,147.363338194867
5.64,0.999745905399323,-0.0264231042622503,69.9744718295192,174.686233029293,147.363338194867
5.67,0.999646544456482,0.0552040758756462,23.1132387550334,139.716253897103,95.7601448467352
5.7,0.99963504076004,0.0406494160784922,26.3035053586723,106.342220121297,95.7601448467352
5.73,0.99961918592453,0.0270157491416433,28.570846150637,75.5780263988252,95.7601448467352
5.76,0.999598264694214,0.0141309949017309,30.0262262727651,48.5126707376025,95.7601448467352
5.79,0.999571800231934,0.00173304019591454,30.8155339064555,26.3102544563459,95.7601448467352
5.82,0.999522745609283,-0.00307231120193876,31.1218333719986,10.2099821847693,86.2481746977052
5.85,0.99948126077652,-0.0155508992529058,31.167618227898,1.52616186331469,86.2481746977052
5.88,0.999431967735291,-0.0280300388365713,31.2136764539349,1.5723697606175,86.2481746977052
5.91,0.999485909938812,-0.0301757228674658,31.5218894232759,10.5191117858111,86.2481746977052
5.94,0.999531090259552,-0.0197173435880248,32.3167827670569,27.106855108221,86.2481746977052
5.97,0.999573647975922,0.0387184720918016,1.49932507915631,49.9814982321499,110.247206083313
6,0.999603927135468,0.0465673617406194,3.83531453672509,77.8663168901656,110.247206083313
6.03,0.999628961086273,0.0519754226967483,7.12217344346832,109.561964043255,110.247206083313
6.06,0.999649465084076,0.054799874674502,11.4405675334776,143.946469880657,110.247206083313
6.09,0.999666035175323,0.0549523302524811,16.8398247846881,179.975241820012,110.247206083313
6.12,0.99968147277832,0.0490524112702108,23.3402567179043,216.681064507221,111.999371739425
6.15,0.999691843986511,0.039789910841041,30.9354797111279,253.174099816532,111.999371739425
6.18,0.999699831008911,0.0165827099436346,39.5947363157881,288.641886850511,111.999371739425
6.21,0.999705731868744,-0.00771233623115875,49.2652165733908,322.349341940078,111.999371739425
6.24,0.999709665775299,-0.0329648412091134,59.8743793322896,353.63875864446,111.999371739425
6.27,0.999716520309448,-0.0538206924851728,71.3322735645005,381.929807751181,116.330817713735
6.3,0.99971741437912,-0.0804747703868979,83.5338596825382,406.719537276179,116.330817713735
6.33,0.999716997146606,-0.107525878767032,96.3613308562539,427.582372463616,116.330817713735
6.36,0.999715387821198,-0.134742472236775,109.686434329682,444.170115786012,116.330817713735
6.39,0.999712765216827,-0.161878984341649,123.372792737887,456.211946944246,116.330817713735
6.42,0.999543786048889,0.016904451046666,14.16065740246,463.514422867556,72.2687339527807
6.45,0.999537169933319,-0.00924418616249795,28.1356070124121,465.961477713344,72.2687339527807
6.48,0.999553024768829,-0.0345811428371799,42.0397348904102,463.514422867556,72.2687339527807
6.51,0.999589025974274,-0.0587937986886477,55.7254449029724,456.211946944246,72.2687339527807
6.54,0.999620676040649,-0.0816227944251069,69.0501640383567,444.170115786007,72.2687339527807
6.57,0.999709010124207,-0.0906066406222935,81.877383403161,427.582372463621,123.935105187828
6.6,0.999728560447693,-0.109943847885322,94.0787937216179,406.719537276178,123.935105187828
6.63,0.999745011329651,-0.127236759358829,105.5365598783,381.929807751183,123.935105187828
6.66,0.999755144119263,-0.14227697138398,116.145626579982,353.638758644447,123.935105187828
6.69,0.999760925769806,-0.154903864297282,125.816033392629,322.349341940078,123.935105187828
6.72,0.99972665309906,-0.158981871849855,134.475233196827,288.641886850526,83.2289671291351
6.75,0.999728441238403,-0.166415614759311,142.070412069798,253.174099816529,83.2289671291351
6.78,0.999727606773376,-0.171163967120215,148.570809825894,216.681064507214,83.2289671291351
6.81,0.99972403049469,-0.173207144425826,153.970040885396,179.975241820017,83.2289671291351
6.84,0.999717533588409,-0.185341820147876,158.288415316879,143.946469880664,83.2289671291351
6.87,0.999570071697235,0.079344124516608,13.0039896587809,109.561964043251,73.2171422277096
6.9,0.999550342559814,0.0653363148258132,15.3399791654613,77.8663168901729,73.2171422277096
6.93,0.999524652957916,0.0520599837130279,16.8394241124132,49.9814982321373,73.2171422277096
6.96,0.999492168426514,0.0392847629400661,17.6526297656543,27.1068551082314,73.2171422277096
6.99,0.999451994895935,0.0266715940297763,17.9682031192271,10.5191117858286,73.2171422277096
7.02,0.999420046806335,0.0330380095500141,0,1.57236976059252,92.7426817456209
7.05,0.999362289905548,0.0201559147432385,0.048648810946986,1.6216270315662,92.7426817456209
7.08,0.999425113201141,0.0178757513837922,0.374108059413004,10.8486416155339,92.7426817456209
7.11,0.999476134777069,0.028614896872019,1.21278882176603,27.9560254117674,92.7426817456209
7.14,0.999517381191254,0.0390135178938814,2.759206540587,51.5472572940325,92.7426817456209
7.17,0.999468147754669,0.0561259597290418,5.16837506088598,80.3056173432992,46.9920105293128
7.2,0.999498724937439,0.0617088394762392,8.55820066631998,112.9941868478,46.9920105293128
7.23,0.99952220916748,0.0646232001080394,13.011876115409,148.455848302967,46.9920105293128
7.26,0.999539434909821,0.0647811329944845,18.58027467775,185.613285411368,46.9920105293128
7.29,0.999550998210907,0.0621452623937035,25.284344170238,223.468983082932,46.9920105293128
7.32,0.99948912858963,0.0971036921170405,7.833500993276,261.1052274346,24.010519828963
7.35,0.999491214752197,0.0731848365537414,16.764024166998,297.684105790734,24.010519828963
7.38,0.999488055706024,0.0481249642266125,26.737449367481,332.447506682767,24.010519828963
7.41,0.99947988986969,0.0220756022480886,37.678962962963,364.717119849399,24.010519828963
7.44,0.99946665763855,-0.00479547519362604,49.49579605006,393.894436236567,24.010519828963
7.47,0.999460339546204,-0.0332884783835774,62.07961848998,419.460747997334,29.982157797975
7.5,0.99943745136261,-0.0611988666260562,75.308932944741,440.977148492033,29.982157797975
7.53,0.999409198760986,-0.089277286499943,89.05146891339,458.0845322883,29.982157797975
7.56,0.999375700950623,-0.11727439593856,103.166576768213,470.503595160767,29.982157797975
7.59,0.99933660030365,-0.144927062723151,117.507621790957,478.034834091466,29.982157797975
7.62,0.999357640743256,-0.172306401219371,131.924378209043,480.558547269535,56.5893715409223
7.65,0.99934709072113,-0.19844156497696,146.265423231787,478.034834091466,56.5893715409223
7.68,0.999367773532867,-0.223415666776935,160.38053108661,470.503595160767,56.5893715409223
7.71,0.999383866786957,-0.246965467112882,174.123067055259,458.0845322883,56.5893715409223
7.74,0.999397337436676,-0.268842750445266,187.35238151002,440.977148492033,56.5893715409223
7.77,0.999116480350494,-0.0100956742795883,53.67120394994,419.460747997334,41.0488403638181
7.8,0.999127864837646,-0.0278523458308159,65.488037037037,393.894436236567,41.0488403638181
7.83,0.999134421348572,-0.343365571634269,76.429550632519,364.717119849399,41.0488403638181
7.86,0.999135732650757,-0.356389328524209,86.402975833002,332.447506682767,41.0488403638181
7.89,0.999131500720978,-0.366791901974937,95.333499006725,297.684105790767,41.0488403638181
7.92,0.999175250530243,-0.384370441520562,103.166655829763,261.1052274346,58.4595938645387
7.95,0.999159216880798,-0.389264139883523,109.87072532225,223.4689830829,58.4595938645387
7.98,0.999135971069336,-0.391378554453556,115.439123884591,185.613285411367,58.4595938645387
8.01,0.999104976654053,-0.403902115978197,119.89279933368,148.455848302966,58.4595938645387
8.04,0.999064862728119,-0.419406314374224,123.282624939114,112.9941868478,58.4595938645387
8.07,0.998556911945343,-0.237246564895009,15.820793459413,80.3056173433002,24.6860568436565
8.1,0.998465836048126,-0.250831268457477,17.367211178234,51.5472572940335,24.6860568436565
8.13,0.998354196548462,-0.264034203616972,18.205891940587,27.9560254117664,24.6860568436565
8.16,0.998218357563019,-0.277075705378865,18.531351189053,10.8486416155339,24.6860568436565
8.19,0.998053431510925,-0.290382252705517,18.58,1.6216270315662,24.6860568436565
8.22,0.997797191143036,-0.279169322876573,0.000351189053020562,1.6216270315662,30.2529441295839
8.25,0.998023927211761,-0.279675773018192,0.325108059412997,10.8486416155339,30.2529441295839
8.28,0.998209536075592,-0.268423248019406,1.16378882176599,27.9560254117664,30.2529441295839
8.31,0.998367428779602,-0.257984250811208,2.710206540587,51.5472572940335,30.2529441295839
8.34,0.998503625392914,-0.249855280329858,5.119375060886,80.3056173433002,30.2529441295839
8.37,0.998999714851379,-0.238371810704993,8.50920066632,112.9941868478,117.644151441467
8.4,0.999075412750244,-0.235317796390493,12.962876115409,148.455848302966,117.644151441467
8.43,0.999142408370972,-0.235144199403409,18.53127467775,185.613285411367,117.644151441467
8.46,0.999202132225037,-0.237765139040684,25.235344170238,223.468983082933,117.644151441467
8.49,0.99925571680069,-0.247304662930765,33.068500993276,261.1052274346,117.644151441467
8.52,0.99897563457489,-0.218035359650242,16.764024166998,297.684105790734,28.3849676143274
8.55,0.999039590358734,-0.243009937730706,26.737449367481,332.447506682767,28.3849676143274
8.58,0.999097526073456,0.0309638388138716,37.678962962963,364.717119849399,28.3849676143274
8.61,0.999150037765503,0.00411563167435721,49.49579605006,393.894436236567,28.3849676143274
8.64,0.999197542667389,-0.0233597997553198,62.07961848998,419.460747997334,28.3849676143274
8.67,0.999325335025787,0.0582135185370347,2.86430555187695,440.977148492033,107.107914369698
8.7,0.999359905719757,0.0301901152058744,16.6031705498271,458.0845322883,107.107914369698
8.73,0.999389111995697,0.00221563097655544,30.7179270507311,470.503595160767,107.107914369698
8.76,0.999414026737213,-0.0254146266162704,45.0588405367005,478.034834091466,107.107914369698
8.79,0.999435722827911,-0.0524302217338801,59.4755286601868,480.558547269535,107.107914369698
8.82,0.999392211437225,-0.0201178103911639,43.098423231787,478.034834091466,82.9796015212495
8.85,0.999468505382538,-0.0450820237805714,57.21353108661,470.503595160767,82.9796015212495
8.88,0.999531984329224,-0.0686151407764454,70.956067055259,458.0845322883,82.9796015212495
8.91,0.999584496021271,-0.0904782084010502,84.18538151002,440.977148492033,82.9796015212495
8.94,0.999627470970154,-0.11043309051402,96.76920394994,419.460747997334,82.9796015212495
8.97,0.999614894390106,-0.129209749965924,108.586037037037,393.894436236567,47.2094909928647
9,0.999646544456482,-0.144722618141509,119.527550632519,364.717119849399,47.2094909928647
9.03,0.999671161174774,-0.157738846964814,129.500975833002,332.447506682767,47.2094909928647
9.06,0.999689638614655,-0.168131889632834,138.431499006725,297.684105790768,47.2094909928647
9.09,0.99970269203186,-0.17580365011935,146.264655829763,261.1052274346,47.2094909928647
9.12,0.999715983867645,-0.176895680501839,152.96872532225,223.468983082898,52.2686698953619
9.15,0.999719202518463,-0.178996970129038,158.537123884591,185.613285411368,52.2686698953619
9.18,0.999717950820923,-0.191508694171245,162.99079933368,148.455848302967,52.2686698953619
9.21,0.99971216917038,-0.207001216017379,166.380624939114,112.9941868478,52.2686698953619
9.24,0.999701619148254,-0.221485856811271,168.789793459413,80.3056173432992,52.2686698953619
9.27,0.999716460704803,-0.23375111839012,170.336211178234,51.5472572940325,79.9169190930114
9.3,0.99969744682312,-0.246921348481036,171.174891940587,27.9560254117674,79.9169190930114
9.33,0.999673187732697,-0.259923689991267,171.500351189053,10.8486416155339,79.9169190930114
9.36,0.99964302778244,-0.273182851625358,171.549,1.6216270315662,79.9169190930114
9.39,0.999612331390381,-0.299367934173345,171.572698487568,3.0479926527213,79.9169190930114
9.42,0.999639570713043,-0.332269534212523,171.732409003343,20.3909896002283,50.3841204290751
9.45,0.999698758125305,-0.322605857361593,172.153304826501,52.5458434001976,50.3841204290751
9.48,0.999743759632111,-0.299307716809603,172.964367880748,96.887668028139,50.3841204290751
9.51,0.999778628349304,-0.278400137609713,174.316997199461,150.94157094669,50.3841204290751
9.54,0.999805867671967,-0.260220301217921,176.399591008901,212.382653105598,50.3841204290751
9.57,0.999835073947906,-0.269579904150815,179.443174979011,279.036008941686,62.7985185490666
9.6,0.999851405620575,-0.258160757010059,183.71479148605,348.876726378933,62.7985185490666
9.63,0.99986469745636,-0.250873893901687,189.497874104678,420.029886828438,62.7985185490666
9.66,0.999875664710999,-0.255975701893018,197.062322469053,490.770565188364,62.7985185490666
9.69,0.999881148338318,-0.288001152840042,206.630632576202,559.523829844055,62.7985185490666
9.72,0.999813675880432,0.0265922845770885,18.7457796245466,624.864742667882,58.2454460317361
9.75,0.999821841716766,-0.0223421453462457,39.311330391609,685.518359019467,58.2454460317361
9.78,0.999828517436981,-0.0728359643396728,61.5221222228103,740.359727745341,58.2454460317361
9.81,0.999834060668945,-0.124506095886264,85.1745389576209,788.413891179339,58.2454460317361
9.84,0.999838709831238,-0.176942247581566,110.040215511557,828.855885142348,58.2454460317361
9.87,0.999824345111847,-0.141462985463662,96.5588243154707,861.010738942308,53.5961785424289
9.9,0.999828100204468,-0.194059894250247,123.089428576694,884.353475374386,53.5961785424289
9.93,0.999831318855286,-0.246009214270269,150.044701898309,898.509110720702,53.5961785424289
9.96,0.999834179878235,-0.296800748862847,177.142281540825,903.252654750655,53.5961785424289
9.99,0.999852061271667,-0.345923228450611,204.097554862443,898.509110720713,53.5961785424289
10.02,0.999857425689697,-0.206688181383453,110.466669962094,884.35347537438,83.0649808450721
10.05,0.999883830547333,-0.250962005496259,136.296892218078,861.010738942307,83.0649808450721
10.08,0.99990439414978,-0.292083345680826,161.162502846409,828.855885142348,83.0649808450721
10.11,0.999918699264526,-0.329613684537361,184.814873335122,788.413891179346,83.0649808450721
10.14,0.999926388263702,-0.363142949111934,207.025631360317,740.359727745338,83.0649808450721
10.17,0.999905824661255,-0.189661929713478,109.387223204887,685.518359019437,68.4770502251431
10.2,0.999912142753601,-0.214117658342352,128.121411588101,624.864742667907,68.4770502251431
10.23,0.999916553497314,-0.23365002424969,144.899181740177,559.523829844084,68.4770502251431
10.26,0.99991911649704,-0.248068831727171,159.616705473484,490.77056518835,68.4770502251431
10.29,0.999919950962067,-0.257265558565901,172.213574454883,420.029886828435,68.4770502251431
10.32,0.999899983406067,-0.0650404417775027,71.0517223386106,348.876726378915,82.5303799915329
10.35,0.999896585941315,-0.0885437647003691,79.4172185546005,279.036008941703,82.5303799915329
10.38,0.999890327453613,-0.117653940213627,85.785178131743,212.382653105579,82.5303799915329
10.41,0.999881148338318,-0.144870155508044,90.3112254130867,150.941570946701,82.5303799915329
10.44,0.999868154525757,-0.170590236555943,93.2165559944749,96.8876680281434,82.5303799915329
10.47,0.999833106994629,-0.0164115969786034,1.99627280836633,52.5458434002207,112.129377687691
10.5,0.999806702136993,-0.0408393127780999,2.60798204994649,20.390989600239,112.129377687691
10.53,0.999764144420624,-0.0538492405329248,4.31761289e-13,3.04799265268147,105.037530874398
0,0.999755024909973,-0.0254895195148194,6.26560435e-16,0,136.001265027876
0.03,0.999750733375549,0.0681856638580921,0.0389892559379285,1.2996418645976,136.001265027876
0.06,0.999767363071442,0.0512483928654608,0.299826338875997,8.69456943126894,136.001265027876
0.09,0.999784648418427,0.0479691649564001,0.971981284846351,22.4051648656785,136.001265027876
0.12,0.999797403812408,0.0434313061184748,2.21134716147035,41.3121958874665,133.628451784702
0.15,0.999809861183167,0.0499120777788588,4.14215875186865,64.3603863466102,133.628451784702
0.18,0.999820232391357,0.0543783383409498,6.85891123856849,90.5584162233278,133.628451784702
0.21,0.999829173088074,0.0567097922855057,10.4282788874136,118.978921628172,133.628451784702
0.24,0.999836683273315,0.0568334023399169,14.8910337314753,148.758494802056,133.628451784702
0.27,0.999780654907227,0.0948867555202795,9.83536005555618,179.097684116105,49.3564798000278
0.3,0.999787926673889,0.0872438184486257,16.1131898733629,209.260994071798,49.3564798000278
0.33,0.999793946743011,0.0680615217124814,23.2704964302967,238.576885300953,49.3564798000278
0.36,0.999798893928528,0.047980282395331,31.2636296660603,266.437774565643,49.3564798000278
0.39,0.999802768230438,0.0271078511539358,40.0326307080386,292.300034758241,49.3564798000278
0.42,0.999828934669495,-0.0135842439898281,49.5031505545586,315.683994901481,84.0412124390791
0.45,0.999830842018127,-0.0356090157121286,59.588368758634,336.173940148356,84.0412124390791
0.48,0.999832153320312,-0.0579675457070197,70.1909121118219,353.4181117822,84.0412124390791
0.51,0.999832928180695,-0.0804623267461089,81.2047733281079,367.128707216603,84.0412124390791
0.54,0.999832987785339,-0.102890870565537,92.5172297278087,377.081879995534,84.0412124390791
0.57,0.999793112277985,0.0246253040870725,11.4931646516209,383.117739793183,85.3806709566917
0.6,0.999792218208313,0.00297917820811767,23.0473752225903,385.140352414103,85.3806709566917
0.63,0.99979954957962,-0.0179663870184739,34.5409074159049,383.117739793189,85.3806709566917
0.66,0.999814033508301,-0.0379820468140873,45.8533638155327,377.081879995531,85.3806709566917
0.69,0.999826908111572,-0.0568565004579859,56.8672250318895,367.128707216584,85.3806709566917
0.72,0.99982476234436,0.030419190329256,3.64243174391231,353.418111782201,104.842062971879
0.75,0.999835133552551,0.0144158507977625,13.7269007394588,336.173940148377,104.842062971879
0.78,0.999843716621399,0.000120670615458435,23.1973101279013,315.683994901484,104.842062971879
0.81,0.999850749969482,-0.0123123812252996,31.9662672514531,292.300034758216,104.842062971879
0.84,0.999856352806091,-0.0227496065308166,39.9593772482322,266.437774565643,104.842062971879
0.87,0.999873161315918,-0.0125051351927746,47.1166696887353,238.576885300972,131.00686082825
0.9,0.999875545501709,-0.0186529984127869,53.3944902432009,209.260994071806,131.00686082825
0.93,0.999876737594604,-0.0225771015912511,58.767414407358,179.09768411609,131.00686082825
0.96,0.999876499176025,-0.0242641389603429,63.230164791008,148.758494802058,131.00686082825
0.99,0.999875009059906,-0.0342925632757646,66.7995293013224,118.978921628163,131.00686082825
1.02,0.999847769737244,0.041601671927637,16.1219861855801,90.5584162233293,117.594149735756
1.05,0.999842643737793,0.0300018351336176,18.0527977753853,64.3603863466113,117.594149735756
1.08,0.999835669994354,0.0190334883611932,19.2921636516915,41.3121958874756,117.594149735756
1.11,0.999826669692993,0.00848056443607044,19.9643185975059,22.4051648656823,117.594149735756
1.14,0.99981552362442,-0.00193696675223364,20.2251556803862,8.6945694312668,117.594149735756
1.17,0.999833881855011,-0.0184514420314152,20.2641449363155,1.29964186459373,165.534036560994
1.2,0.99982076883316,-0.0316899027451536,20.2811933541845,1.6216270315681,165.534036560994
1.23,0.999838054180145,-0.0430924683099965,20.3978650098829,10.8486416155301,165.534036560994
1.26,0.999852359294891,-0.0340077051273227,20.7190616689658,27.9560254117693,165.534036560994
1.29,0.999864041805267,-0.0220386374101547,21.3850217523464,51.5472572940325,165.534036560994
1.32,0.999799132347107,-0.00857516199563827,22.5949521272371,80.3056173432992,39.2470970233615
1.35,0.999811232089996,-0.000496707415788228,24.5980180112157,112.9941868478,39.2470970233615
1.38,0.99982088804245,0.0049405204315898,27.6440347242754,148.455848302967,39.2470970233615
1.41,0.999828517436981,0.00741371061397574,31.9211351072856,185.613285411368,39.2470970233615
1.44,0.999834418296814,0.00675509354553406,37.522792321063,223.468983082932,39.2470970233615
1.47,0.999862670898438,0.0140600084289644,44.456138564932,261.105227434602,82.9853745518692
1.5,0.999865233898163,-0.00858070631016397,52.6694591632868,297.68410579073,82.9853745518692
1.53,0.999866843223572,-0.0326211913486148,62.0764890062004,332.447506682767,82.9853745518692
1.56,0.999867498874664,-0.0578629213682714,72.5708331950999,364.717119849401,82.9853745518692
1.59,0.99986720085144,-0.0840913425889821,84.0329422271851,393.894436236567,82.9853745518692
1.62,0.999873697757721,-0.116121764314472,96.3333080688134,419.460747997334,99.0541924428124
1.65,0.999872028827667,-0.143609098532837,109.334210835048,440.977148492033,99.0541924428124
1.68,0.999869525432587,-0.171344999800879,122.891111401347,458.0845322883,99.0541924428124
1.71,0.999866425991058,-0.19905837250325,136.85410629252,470.503595160767,99.0541924428124
1.74,0.999862790107727,-0.226473296520373,151.069560760107,478.034834091466,99.0541924428124
1.77,0.999774634838104,-0.0535239829466209,56.615378209043,480.558547269535,41.7196346150713
1.8,0.999779164791107,-0.0796326822419289,70.956423231787,478.034834091466,41.7196346150713
1.83,0.999794065952301,-0.104608590062641,85.07153108661,470.503595160767,41.7196346150713
1.86,0.999807357788086,-0.128160124893751,98.814067055259,458.0845322883,41.7196346150713
1.89,0.999818980693817,-0.150038248651626,112.04338151002,440.977148492033,41.7196346150713
1.92,0.999857842922211,-0.169048860136126,124.62720394994,419.460747997334,92.57185422977
1.95,0.99986457824707,-0.18687813014469,136.444037037037,393.894436236567,92.57185422977
1.98,0.999870181083679,-0.202392750696831,147.385550632519,364.717119849399,92.57185422977
2.01,0.999874234199524,-0.215416793689066,157.358975833002,332.447506682767,92.57185422977
2.04,0.999877154827118,-0.22581600543782,166.289499006725,297.684105790768,92.57185422977
2.07,0.999837815761566,-0.00144386488148383,37.678655829763,261.1052274346,100.563771036053
2.1,0.999838173389435,-0.00632926627788427,44.38272532225,223.468983082898,100.563771036053
2.13,0.999836683273315,-0.00843533023712987,49.951123884591,185.613285411368,100.563771036053
2.16,0.999833106994629,-0.0209489675884339,54.40479933368,148.455848302967,100.563771036053
2.19,0.99982762336731,-0.0364406132462898,57.794624939114,112.9941868478,100.563771036053
2.22,0.999819159507751,-0.047043504364409,60.203793459413,80.3056173432992,99.7232260509859
2.25,0.999808669090271,-0.0607297027160089,61.750211178234,51.5472572940325,99.7232260509859
2.28,0.999795377254486,-0.0738978049211068,62.588891940587,27.9560254117674,99.7232260509859
2.31,0.999778628349304,-0.0868973569339617,62.914351189053,10.8486416155339,99.7232260509859
2.34,0.999758124351501,-0.100152978052153,62.963,1.6216270315662,99.7232260509859
2.37,0.999753415584564,0.00133502419223779,1.16435118905304,1.6216270315662,161.592636050014
2.4,0.999778270721436,0.00192102067279955,0.838891940587018,10.8486416155339,161.592636050014
2.43,0.999797821044922,0.0161258269737098,0.000211178233996634,27.9560254117674,161.592636050014
2.46,0.999814748764038,0.0265157652486742,1.54620654058698,51.5472572940325,161.592636050014
2.49,0.999828934669495,0.034602446234512,3.95537506088596,80.3056173432992,161.592636050014
2.52,0.999866664409637,0.025371491082728,7.34520066631995,112.9941868478,210.060195417035
2.55,0.999875009059906,0.0282879974817401,11.798876115409,148.455848302967,210.060195417035
2.58,0.999881982803345,0.0284413884942534,17.36727467775,185.613285411368,210.060195417035
2.61,0.999887764453888,0.0258024422938019,24.071344170238,223.468983082932,210.060195417035
2.64,0.999892711639404,0.0162467357426735,31.904500993276,261.1052274346,210.060195417035
2.67,0.999880075454712,0.0239558012640084,8.92989016699801,297.684105790734,189.623481459948
2.7,0.999884009361267,-0.00109901062877902,18.903315367481,332.447506682767,189.623481459948
2.73,0.999887228012085,-0.0271432406473878,29.844828962963,364.717119849399,189.623481459948
2.76,0.9998899102211,-0.0540078629060733,41.66166205006,393.894436236567,189.623481459948
2.79,0.999892055988312,-0.0814982431806599,54.24548448998,419.460747997334,189.623481459948
2.82,0.999826371669769,-0.0875970266175013,67.474798944741,440.977148492033,55.5707956850762
2.85,0.999828398227692,-0.115645656089929,81.21733491339,458.0845322883,55.5707956850762
2.88,0.999829888343811,-0.143630534655439,95.332442768213,470.503595160767,55.5707956850762
2.91,0.999830782413483,-0.171269343360119,109.673487790957,478.034834091466,55.5707956850762
2.94,0.999831199645996,-0.198292267348773,124.090244209043,480.558547269535,55.5707956850762
2.97,0.999890029430389,-0.0777136094623513,57.214423231787,478.034834091466,210.303313481214
3,0.999900639057159,-0.102673227333647,71.32953108661,470.503595160767,210.303313481214
3.03,0.9999098777771,-0.126226049625083,85.072067055259,458.0845322883,210.303313481214
3.06,0.999917685985565,-0.148105389317712,98.30138151002,440.977148492033,210.303313481214
3.09,0.99992424249649,-0.168073682475756,110.88520394994,419.460747997334,210.303313481214
3.12,0.999914288520813,-0.0615457602147367,51.372037037037,393.894436236567,202.118083761778
3.15,0.999919652938843,-0.0770594151716145,62.313550632519,364.717119849401,202.118083761778
3.18,0.999923825263977,-0.0900835296891936,72.2869758330029,332.447506682797,202.118083761778
3.21,0.999926805496216,-0.100482705676282,81.2174990067249,297.684105790734,202.118083761778
3.24,0.999928891658783,-0.108159115323271,89.050655829763,261.105227434602,202.118083761778
3.27,0.999930381774902,-0.0839831339630215,95.75472532225,223.468983082898,203.739222943873
3.3,0.999930500984192,-0.0860879641057458,101.323123884591,185.613285411368,203.739222943873
3.33,0.99992960691452,-0.0986004034037075,105.77679933368,148.455848302967,203.739222943873
3.36,0.999927699565887,-0.114090707957056,109.166624939114,112.9941868478,203.739222943873
3.39,0.999924778938293,-0.128571933404802,111.575793459413,80.3056173432992,203.739222943873
3.42,0.999885499477386,0.00726652144478837,11.7992111782339,51.5472572940325,168.725268735332
3.45,0.999877691268921,-0.00588965387090794,12.637891940587,27.9560254117693,168.725268735332
3.48,0.999867796897888,-0.0188867382513796,12.9633511890529,10.8486416155301,168.725268735332
3.51,0.999855577945709,-0.0321394447026204,13.0119999999999,1.6216270315681,168.725268735332
3.54,0.99984222650528,-0.0355124881139998,13.012013832459,0.63243454229962,168.725268735332
3.57,0.999879837036133,0.00317705350267898,13.012817966735,4.23097023006752,234.50447688866
3.6,0.999884128570557,0.0174460850648898,13.0205937386916,10.9028499105998,234.50447688866
3.63,0.999887645244598,0.0225157961665092,13.0564204464157,20.1034303446666,234.50447688866
3.66,0.999890685081482,0.027157351388737,13.1671961528304,31.3191907638668,234.50447688866
3.69,0.999893128871918,0.0312265431876334,13.4332562572857,44.067732870666,234.50447688866
3.72,0.999774992465973,0.0842922481791506,0.000368314990993213,57.8977808381334,35.2723527390544
3.75,0.999778926372528,0.0843878583909478,2.17130712432302,72.3891813104672,35.2723527390544
3.78,0.999781966209412,0.0833590336187166,4.785894226393,87.1529034023325,35.2723527390544
3.81,0.999784171581268,0.079632543561349,7.840825387378,101.8310386995,35.2723527390544
3.84,0.999785721302032,0.0702976127565415,11.323729425129,116.096801258367,35.2723527390544
3.87,0.999864161014557,0.0820158851739674,0.00036525331699977,129.654527606267,168.399774391897
3.9,0.999864280223846,0.0718817071134666,4.26755555555599,142.2396767413,168.399774391897
3.93,0.999863982200623,0.0614039847979017,8.87612045952298,153.618830132233,168.399774391897
3.96,0.99986320734024,0.0506820471650212,13.783811211092,163.589691718967,168.399774391897
3.99,0.999862134456635,0.0398012010953208,18.943243848449,171.9810879119,168.399774391897
4.02,0.999782383441925,0.0284139948859376,24.302832876222,178.652967592434,46.6748905803201
4.05,0.99977970123291,0.0175219711173421,29.807724939603,183.4964021127,46.6748905803201
4.08,0.999776482582092,0.00674153485092085,35.400732498473,186.433585295667,46.6748905803201
4.11,0.999772846698761,-0.00379872604523087,41.023267501527,187.417833435133,46.6748905803201
4.14,0.999773561954498,-0.0139903421725564,46.616275060397,186.433585295667,46.6748905803201
4.17,0.999846160411835,0.0491334962926704,0.000582123778002597,183.4964021127,179.267120193624
4.2,0.999849259853363,0.0399684338095502,5.36017115155101,178.652967592434,179.267120193624
4.23,0.999852061271667,0.0314353402318741,10.519603788908,171.9810879119,179.267120193624
4.26,0.999854385852814,0.0236476327651109,15.427294540477,163.589691718967,179.267120193624
4.29,0.999856472015381,0.0166903679551564,20.035859444444,153.618830132233,179.267120193624
4.32,0.999843299388885,0.0631365048421639,8.87563474668299,142.2396767413,162.202735697052
4.35,0.999844491481781,0.0580604243293148,12.765270574871,129.654527606266,162.202735697052
4.38,0.999845087528229,0.0540046151622158,16.248174612623,116.0968012584,162.202735697052
4.41,0.999845206737518,0.0510106455249797,19.303105773607,101.831038699467,162.202735697052
4.44,0.999844670295715,0.0491004502083655,21.917692875677,87.1529034023335,162.202735697052
4.47,0.999738156795502,0.083929650131341,0.000368314991007423,72.3891813104667,37.0979168417188
4.5,0.999735295772552,0.0790802315070806,1.73730174013501,57.8977808381334,37.0979168417188
4.53,0.999731302261353,0.0730378166430497,3.05933372625501,44.0677328706665,37.0979168417188
4.56,0.999726295471191,0.0673887929666289,3.99890944917101,31.3191907638668,37.0979168417188
4.59,0.999719977378845,0.0620503512758442,4.60201235951101,20.1034303446666,37.0979168417188
4.62,0.999815762042999,0.0648001200310836,0.327097856828999,10.9028499105998,161.485532780968
4.65,0.999809920787811,0.0597578894914325,0.454026963730996,4.23097023006657,161.485532780968
4.68,0.999803304672241,0.0545888182761136,0.472999999999999,0.632434542300094,161.485532780968
4.71,0.99979567527771,0.0495992020257884,0.491973463881557,0.63280403596663,161.485532780968
4.74,0.999803721904755,0.0493606187763389,0.618922243935115,4.2334421328435,161.485532780968
4.77,0.999816596508026,0.0531784337939743,0.000170964960214696,10.909219793513,170.425271724823
4.8,0.999822497367859,0.0572344734880335,0.60344876543552,20.115175576279,170.425271724823
4.83,0.99982762336731,0.0603899102363547,1.54357341150513,31.3374886932819,170.425271724823
4.86,0.999832034111023,0.0625642795470508,2.86637777745781,44.0934790105228,170.425271724823
4.89,0.999835789203644,0.0636992878487123,4.60432598696408,57.9316070475993,170.425271724823
4.92,0.999811351299286,0.0790942308715275,3.91059460466698,72.4314739782311,129.4520159707
4.95,0.999814212322235,0.0780709555292921,6.52670925282365,87.2038216296537,129.4520159707
4.98,0.999816358089447,0.0743422341304713,9.58342522696766,101.890532483115,129.4520159707
5.01,0.999817967414856,0.0650018312169579,13.0683641169762,116.164629673585,129.4520159707
5.04,0.999818980693817,0.0552237492486078,16.9602724265464,129.730276989858,129.4520159707
5.07,0.999847531318665,0.0389309674077377,21.229955792698,142.322778874546,175.716679306592
5.1,0.999847531318665,0.0284558319095388,25.8412132053603,153.708580424081,175.716679306592
5.13,0.999847114086151,0.0177277554772705,30.7517712269764,163.685267388674,175.716679306592
5.16,0.999846279621124,0.00684058838462524,35.9142182121142,172.081566172374,175.716679306592
5.19,0.999845206737518,-0.00411285103879991,41.2769385270795,178.757343833039,175.716679306592
5.22,0.99982100725174,0.062773351297551,5.50795739577226,183.603608082329,165.138915070561
5.25,0.999818980693817,0.0519937877828434,11.104232603875,186.542507285709,165.138915070561
5.28,0.999816715717316,0.0414478344755639,16.7300525142843,187.527330462468,165.138915070561
5.31,0.999817907810211,0.0312498520907888,22.3263277311415,186.542507285713,165.138915070561
5.34,0.999822497367859,0.0215033845042206,27.8344359725972,183.603608082326,165.138915070561
5.37,0.999850988388062,0.057576608215733,0.000530668671358476,178.757343833039,227.667760964907
5.4,0.999854326248169,0.0490479644765832,5.16196534836213,172.081566172374,227.667760964907
5.43,0.999857068061829,0.0412558675638718,10.0725233676788,163.685267388678,227.667760964907
5.46,0.99985945224762,0.0342946628043966,14.6837807796273,153.708580424074,227.667760964907
5.49,0.999861359596252,0.0282403524891342,18.9534641454831,142.322778874549,227.667760964907
5.52,0.99981951713562,0.04745216026254,3.89155629642085,129.73027698986,164.993201555606
5.55,0.999820649623871,0.0434061764453953,7.37649517725651,116.164629673586,164.993201555606
5.58,0.999821186065674,0.0404106184457329,10.4332111486838,101.890532483115,164.993201555606
5.61,0.99982100725174,0.0384996470312594,13.04932579609,87.2038216296538,164.993201555606
5.64,0.999820053577423,0.0376775906779434,15.222270014592,72.431473978214,164.993201555606
5.67,0.999809205532074,0.0329776039536496,16.9602182255008,57.9316070476182,151.70135576702
5.7,0.999806523323059,0.0269348426567665,18.2830225954866,44.093479010503,151.70135576702
5.73,0.999802947044373,0.0212829845639522,19.2231472560793,31.3374886933054,151.70135576702
5.76,0.999798476696014,0.0159421047728251,19.8266025232454,20.1151755762801,151.70135576702
5.79,0.999792993068695,0.0108034794512797,20.1538791169873,10.9092197935032,151.70135576702
5.82,0.99983137845993,-0.0017501774666785,20.2808823809485,4.23344213283865,215.982564961318
5.85,0.999825477600098,-0.00691207497129562,20.2998665020241,0.632804035972844,215.982564961318
5.88,0.999820053577423,-0.0178924590038484,20.3378125788352,1.26505387192689,215.982564961318
5.91,0.999832928180695,-0.0403331034769052,20.591671346409,8.46317668225358,215.982564961318
5.94,0.99984472990036,-0.0375622801207694,21.2458477919162,21.8088854603204,215.982564961318
5.97,0.999848186969757,0.0136360730530345,1.20636024884883,40.2127345915867,217.315766730363
6,0.999857068061829,0.0199416811827004,3.08578621637371,62.6475324966354,217.315766730363
6.03,0.999864518642426,0.0242881055891073,5.73023646312447,88.1483416311713,217.315766730363
6.06,0.999870717525482,0.0265567180486386,9.2046108167421,115.812478485992,217.315766730363
6.09,0.999875843524933,0.0266762872493885,13.5485962238445,144.79951358704,217.315766730363
6.12,0.999841928482056,0.06445466943104,9.57419529999639,174.331271495354,147.915933716524
6.15,0.999846339225769,0.0570089508489689,15.6849502193817,203.691830807096,147.915933716524
6.18,0.999849915504456,0.0383363615333958,22.6517759416619,232.22752415355,147.915933716524
6.21,0.99985271692276,0.0187888688034567,30.432184086356,259.346938201106,147.915933716524
6.24,0.999854624271393,-0.00152867863932707,38.9678114950404,284.520913651276,147.915933716524
6.27,0.999817967414856,0.0629784594624975,0.145561239000186,307.28254524069,114.920962936421
6.3,0.999818980693817,0.0415432418018068,9.96235319534854,327.227181741084,114.920962936421
6.33,0.999819159507751,0.0197794974213678,20.2827257968725,344.01242595933,114.920962936421
6.36,0.999818861484528,-0.00211712719895029,31.0034697798269,357.358134737394,114.920962936421
6.39,0.999817967414856,-0.0239494426720136,42.0148623190608,367.046418952377,114.920962936421
6.42,0.999813377857208,0.0298188496450641,5.02241550063436,372.921643516473,141.10065226573
6.45,0.99981153011322,0.0087393844878277,16.2683289117045,374.890427377041,141.10065226573
6.48,0.99981701374054,-0.0116481918587363,27.4558327633392,372.921643516473,141.10065226573
6.51,0.999829173088074,-0.0311315523327287,38.4671647867921,367.046418952381,141.10065226573
6.54,0.999839961528778,-0.049504213718037,49.1878759257439,357.3581347374,141.10065226573
6.57,0.999841928482056,-0.0656521788751179,59.5082282296562,344.012425959324,127.93154147269
6.6,0.999850451946259,-0.0812309354426876,69.325029863284,327.227181741101,127.93154147269
6.63,0.999857723712921,-0.0951463181182283,78.5434963890119,307.282545240673,127.93154147269
6.66,0.999863624572754,-0.107248871815795,87.079116551325,284.52091365127,127.93154147269
6.69,0.999868273735046,-0.117408640636131,94.8595192276023,259.346938201112,127.93154147269
6.72,0.999851286411285,0.0225401155333139,32.5010956606412,232.227524153547,132.137980882507
6.75,0.999853789806366,0.0165560399887293,38.6118505848456,203.691830807106,132.137980882507
6.78,0.999854922294617,0.0127364145304449,43.8417887297006,174.331271495351,132.137980882507
6.81,0.999854505062103,0.0110941478389671,48.1857741373079,144.79951358703,132.137980882507
6.84,0.99985271692276,0.00133246224461876,51.6601484918849,115.812478485986,132.137980882507
6.87,0.999829053878784,0.024735096636997,15.6929575434097,88.1483416311778,122.247712987732
6.9,0.999823331832886,0.0134426769814656,17.5723835182526,62.6475324966288,122.247712987732
6.93,0.99981564283371,0.00276591531389479,18.7787655559711,40.2127345916165,122.247712987732
6.96,0.999805748462677,-0.00750656848508389,19.4330321197656,21.8088854603102,122.247712987732
6.99,0.999793648719788,-0.0176472630240871,19.6869274202282,8.46317668226673,122.247712987732
7.02,0.999721705913544,0.0238549963604886,0,1.26505387190374,72.1604090922601
7.05,0.999700427055359,0.0105156778193046,0.0486488109470429,1.6216270315681,72.1604090922601
7.08,0.999729216098785,-0.0024622452858038,0.374108059412947,10.8486416155301,72.1604090922601
7.11,0.999753534793854,0.00537051281737162,1.21278882176603,27.9560254117693,72.1604090922601
7.14,0.999773263931274,0.0157611229751548,2.759206540587,51.5472572940325,72.1604090922601
7.17,0.999813795089722,0.0644235892223834,5.16837506088598,80.3056173432992,105.959394650551
7.2,0.999825179576874,0.0700038582861574,8.55820066631998,112.9941868478,105.959394650551
7.23,0.999834179878235,0.0729124611092723,13.011876115409,148.455848302967,105.959394650551
7.26,0.999841034412384,0.0730660488171134,18.58027467775,185.613285411368,105.959394650551
7.29,0.999846160411835,0.0704270668538751,25.284344170238,223.468983082932,105.959394650551
7.32,0.999821960926056,0.0910522314383828,0.25468728867093,261.105227434602,80.8341196894953
7.35,0.999824404716492,0.0671221452054443,9.18517128422414,297.68410579073,80.8341196894953
7.38,0.999825417995453,0.0420642766391916,19.1585959031107,332.447506682767,80.8341196894953
7.41,0.99982476234436,0.0160187773912666,30.1001093038891,364.717119849401,80.8341196894953
7.44,0.999822795391083,-0.0108477937666902,41.9169422948754,393.894436236567,80.8341196894953
7.47,0.999802649021149,0.0421832476929224,6.54172546912711,419.460747997334,87.3405558916649
7.5,0.999797582626343,0.0142903860642628,19.7695450541163,440.977148492033,87.3405558916649
7.53,0.999791264533997,-0.013779675230365,33.5117779295882,458.0845322883,87.3405558916649
7.56,0.999783337116241,-0.0417677906807039,47.626756562777,470.503595160767,87.3405558916649
7.59,0.999769687652588,-0.0694127303429521,61.9677305848228,478.034834091466,87.3405558916649
7.62,0.999730825424194,0.0168460647512181,28.772160211518,480.558547269535,92.5558362512999
7.65,0.999727725982666,-0.00927928211989704,43.1132052334387,478.034834091466,92.5558362512999
7.68,0.999738395214081,-0.0342556190933202,57.2283130878543,470.503595160767,92.5558362512999
7.71,0.999748349189758,-0.0578084235029307,70.9708490562624,458.0845322883,92.5558362512999
7.74,0.999757468700409,-0.0796875486185547,84.2001635108657,440.977148492033,92.5558362512999
7.77,0.999713778495789,-0.119281923227739,96.7839859506758,419.460747997334,38.137188258381
7.8,0.999722242355347,-0.137109744843291,108.600819037693,393.894436236567,38.137188258381
7.83,0.999729216098785,-0.152623846834915,119.542332633115,364.717119849399,38.137188258381
7.86,0.999734401702881,-0.165647478555018,129.515757833552,332.447506682767,38.137188258381
7.89,0.999737858772278,-0.176046350557233,138.446281007239,297.684105790768,38.137188258381
7.92,0.999731063842773,0.0319998463229349,37.678655829763,261.1052274346,99.4031495149441
7.95,0.999730050563812,0.0271040737183435,44.38272532225,223.468983082898,99.4031495149441
7.98,0.999726414680481,0.0249969189940985,49.951123884591,185.613285411368,99.4031495149441
8.01,0.999719738960266,0.0124820657080411,54.40479933368,148.455848302967,99.4031495149441
8.04,0.999709904193878,-0.00301126080079751,57.794624939114,112.9941868478,99.4031495149441
8.07,0.999706864356995,-0.0491846080422953,60.203793459413,80.3056173432992,109.100618766385
8.1,0.999689638614655,-0.0628764747956133,61.750211178234,51.5472572940325,109.100618766385
8.13,0.999667704105377,-0.0760477420073488,62.588891940587,27.9560254117674,109.100618766385
8.16,0.999640643596649,-0.0890508881802836,62.914351189053,10.8486416155339,109.100618766385
8.19,0.999607384204865,-0.102311069053801,62.963,1.6216270315662,109.100618766385
8.22,0.999597609043121,0.0304650674125157,1.16435118905304,1.6216270315662,169.484296095724
8.25,0.999638259410858,0.0310525838115192,0.838891940587018,10.8486416155339,169.484296095724
8.28,0.999670207500458,0.0452621286816891,0.000211178233996634,27.9560254117674,169.484296095724
8.31,0.999698102474213,0.0556557862864875,1.54620654058698,51.5472572940325,169.484296095724
8.34,0.999721467494965,0.0637457574487169,3.95537506088596,80.3056173432992,169.484296095724
8.37,0.999762952327728,0.0272203089302647,7.34520066631995,112.9941868478,193.434494137526
8.4,0.999778389930725,0.0301379418570631,11.798876115409,148.455848302967,193.434494137526
8.43,0.99979168176651,0.0302934607553948,17.36727467775,185.613285411368,193.434494137526
8.46,0.999803185462952,0.0276564099826472,24.071344170238,223.468983082932,193.434494137526
8.49,0.999813258647919,0.0181024200452884,31.904500993276,261.1052274346,193.434494137526
8.52,0.999819934368134,-0.0178021948431769,40.835024166998,297.684105790734,189.967238696681
8.55,0.999828100204468,-0.0428587948753076,50.808449367481,332.447506682767,189.967238696681
8.58,0.999835610389709,-0.0689017553149826,61.749962962963,364.717119849399,189.967238696681
8.61,0.999842464923859,-0.0957650901133409,73.56679605006,393.894436236567,189.967238696681
8.64,0.99984884262085,-0.123254218690387,86.15061848998,419.460747997334,189.967238696681
8.67,0.999828279018402,-0.027106260666879,48.571932944741,440.977148492033,176.513988507454
8.7,0.999834954738617,-0.0551684263541355,62.31446891339,458.0845322883,176.513988507454
8.73,0.999841153621674,-0.0831519101709573,76.429576768213,470.503595160767,176.513988507454
8.76,0.999846875667572,-0.110789306245557,90.770621790957,478.034834091466,176.513988507454
8.79,0.999852240085602,-0.137810781841342,105.187378209043,480.558547269535,176.513988507454
8.82,0.999883592128754,-0.172538238603135,119.528423231787,478.034834091466,218.010518073864
8.85,0.999896347522736,-0.197506099796803,133.64353108661,470.503595160767,218.010518073864
8.88,0.999907076358795,-0.221058278358076,147.386067055259,458.0845322883,218.010518073864
8.91,0.999916195869446,-0.242937171015868,160.61538151002,440.977148492033,218.010518073864
8.94,0.999923706054688,-0.262905070783258,173.19920394994,419.460747997334,218.010518073864
8.97,0.999945163726807,-0.294574680326568,185.016037037037,393.894436236567,285.191273193457
9,0.999949038028717,-0.310084884174514,195.957550632519,364.717119849401,285.191273193457
9.03,0.999952018260956,-0.323109445726929,205.930975833003,332.447506682797,285.191273193457
9.06,0.999954283237457,-0.333508979341886,214.861499006725,297.684105790734,285.191273193457
9.09,0.999955892562866,-0.341185603565596,222.694655829763,261.105227434602,285.191273193457
9.12,0.999904096126556,0.00550190952526372,33.4407253222499,223.468983082898,193.718876471372
9.15,0.999904632568359,0.00341217127859658,39.009123884591,185.613285411368,193.718876471372
9.18,0.999903738498688,-0.00910014284961114,43.46279933368,148.455848302967,193.718876471372
9.21,0.999901413917542,-0.0245906977424677,46.852624939114,112.9941868478,193.718876471372
9.24,0.999897539615631,-0.0390723702250498,49.261793459413,80.3056173432992,193.718876471372
9.27,0.999872028827667,0.00548355430339818,11.7992111782339,51.5472572940325,172.189860937505
9.3,0.99986332654953,-0.00767728805598398,12.637891940587,27.9560254117693,172.189860937505
9.33,0.999852240085602,-0.0206748194712915,12.9633511890529,10.8486416155301,172.189860937505
9.36,0.999838709831238,-0.0339279550759747,13.0119999999999,1.6216270315681,172.189860937505
9.39,0.999822378158569,-0.0445376713617202,13.0256820223866,1.39757115856032,172.189860937505
9.42,0.999823868274689,-0.00341972999302557,0.000374185930355404,9.34971379756687,158.949659821312
9.45,0.999837934970856,0.00833177177331009,0.722977580323055,24.0934160958097,158.949659821312
9.48,0.999849557876587,0.0172846715981352,2.05573084684314,44.4251105187674,158.949659821312
9.51,0.99985945224762,0.0242531477224005,4.13203097806003,69.2100048195083,158.949659821312
9.54,0.999867796897888,0.029054894920693,7.05349343374732,97.382082038981,158.949659821312
9.57,0.999891519546509,0.0559010203661595,6.75944430549741,127.944100505568,200.388781576051
9.6,0.999896585941315,0.056038177047586,11.5584721150301,159.967593835599,200.388781576051
9.63,0.999900996685028,0.0537635638556167,17.3362582404178,192.592870932867,200.388781576051
9.66,0.99990451335907,0.0455279721207881,24.0871287186302,225.029015988975,200.388781576051
9.69,0.999907493591309,0.0248989795305478,31.7837453722219,256.553888483256,200.388781576051
9.72,0.999916017055511,0.0411758734818434,8.59559801603175,286.514123182583,239.450486192153
9.75,0.999917805194855,0.0187316450682972,18.0253519091675,314.325130141681,239.450486192153
9.78,0.999919295310974,-0.00442145986532351,28.2094847465942,339.47109470281,239.450486192153
9.81,0.99992048740387,-0.0281138142137598,39.0546340696777,361.504977496041,239.450486192153
9.84,0.999921262264252,-0.0521573391471523,50.4560895017935,380.048514439081,239.450486192153
9.87,0.999885439872742,0.0177149281746495,3.46767578130728,394.792216737315,172.786547801184
9.9,0.999885976314545,-0.00639174435774022,15.6317644907032,405.495370883879,172.786547801184
9.93,0.999886155128479,-0.030211822460623,27.9912484394488,411.986038659448,172.786547801184
9.96,0.999885976314545,-0.053501278177187,40.4160423566302,414.161057132639,172.786547801184
9.99,0.999890685081482,-0.0760253113360481,52.7756035749546,411.986038659448,172.786547801184
10.02,0.999908030033112,0.0189224298126549,4.46862055838325,405.495370883879,235.700219253802
10.05,0.999915242195129,-0.00137178915378301,16.3113223298554,394.792216737314,235.700219253802
10.08,0.999921381473541,-0.0202280471477653,27.7126125085697,380.048514439087,235.700219253802
10.11,0.999926626682281,-0.0374374321950419,38.5576953361597,361.504977496041,235.700219253802
10.14,0.999931037425995,-0.052811690104516,48.7417926740219,339.471094702804,235.700219253802
10.17,0.999928951263428,-0.0460928428996613,58.1715247889154,314.325130141672,213.223973691955
10.2,0.999931991100311,-0.0573181854001556,66.7669339849525,286.514123182603,213.223973691955
10.23,0.999934256076813,-0.0662806836178037,74.4635404968219,256.553888483256,213.223973691955
10.26,0.999935746192932,-0.0728965421690713,81.2144036627648,225.029015988998,213.223973691955
10.29,0.999936461448669,-0.077116655161147,86.9921844327364,192.592870932853,213.223973691955
10.32,0.99990302324295,0.0136138717768927,25.0241267852108,159.967593835584,140.405653778517
10.35,0.999901831150055,0.00283999048547848,28.8624497994074,127.944100505572,140.405653778517
10.38,0.999899566173553,-0.010510306317246,31.7839122599949,97.3820820389695,140.405653778517
10.41,0.999895930290222,-0.0229911844721248,33.8602124042285,69.2100048195316,140.405653778517
10.44,0.999891102313995,-0.0347849671342399,35.1929657195868,44.4251105187498,140.405653778517
10.47,0.999882757663727,-0.0272549653913324,35.9157682023564,24.0934160958031,135.809934630349
10.5,0.999874591827393,4.9615444240989,36.1962596162443,9.34971379757493,135.809934630349
