run_id,robot,arm_id,step_idx,time_s,target_x,target_y,target_z,meas_x,meas_y,meas_z,dt
20260317_143646_roarm_1_ep01,roarm,roarm_1,1,0,250,0,220,247.21797344136,1.28786263318859,220.306393650648,0.2
20260317_143646_roarm_1_ep01,roarm,roarm_1,2,0.2,254.166666666667,-10,217.5,252.499324037838,-10.4758610828379,218.337862653848,0.2
20260317_143646_roarm_1_ep01,roarm,roarm_1,3,0.4,258.333333333333,-20,215,261.97303129919,-20.5266341627003,216.381961838948,0.2
20260317_143646_roarm_1_ep01,roarm,roarm_1,4,0.6,262.5,-30,212.5,261.2090168067,-29.689664289456,212.292502762094,0.2
20260317_143646_roarm_1_ep01,roarm,roarm_1,5,0.8,266.666666666667,-40,210,267.177052219435,-40.7471682176883,208.578605334038,0.2
20260317_143646_roarm_1_ep01,roarm,roarm_1,6,1,270.833333333333,-50,207.5,270.427172102974,-49.3405053352845,206.99385622792,0.2
20260317_143646_roarm_1_ep01,roarm,roarm_1,7,1.2,275,-60,205,274.723477651245,-59.3970014850524,205.539228241275,0.2
20260317_143646_roarm_1_ep01,roarm,roarm_1,8,1.4,279.166666666667,-70,202.5,278.066276839898,-70.402557984011,203.370598427715,0.2
20260317_143646_roarm_1_ep01,roarm,roarm_1,9,1.6,283.333333333333,-80,200,283.829474111682,-82.02184501833,201.547871785227,0.2
20260317_143646_roarm_1_ep01,roarm,roarm_1,10,1.8,287.5,-90,197.5,286.575044881611,-91.0478564434598,196.07640491587,0.2
20260317_143646_roarm_1_ep01,roarm,roarm_1,11,2,291.666666666667,-100,195,291.502218125708,-100.154068163398,194.677283395643,0.2
20260317_143646_roarm_1_ep01,roarm,roarm_1,12,2.2,295.833333333333,-110,192.5,294.573952253073,-112.490826508043,195.512486572986,0.2
20260317_143646_roarm_1_ep01,roarm,roarm_1,13,2.4,300,-120,190,302.251260694371,-120.538487438116,189.885120670548,0.2
20260317_143646_roarm_1_ep01,roarm,roarm_1,14,2.6,300,-120,190,300.538351719329,-120.018206031774,189.429640239002,0.2
20260317_143646_roarm_1_ep01,roarm,roarm_1,15,2.8,295.833333333333,-110,192.5,297.234385487594,-111.707475190294,194.457238194527,0.2
20260317_143646_roarm_1_ep01,roarm,roarm_1,16,3,291.666666666667,-100,195,289.021822461099,-100.48500149477,195.872592192656,0.2
20260317_143646_roarm_1_ep01,roarm,roarm_1,17,3.2,287.5,-90,197.5,287.676873086005,-92.254582192365,198.421835219783,0.2
20260317_143646_roarm_1_ep01,roarm,roarm_1,18,3.4,283.333333333333,-80,200,283.578200703056,-81.222006258235,200.403710088607,0.2
20260317_143646_roarm_1_ep01,roarm,roarm_1,19,3.6,279.166666666667,-70,202.5,280.300902777969,-66.7233404767115,202.406217456343,0.2
20260317_143646_roarm_1_ep01,roarm,roarm_1,20,3.8,275,-60,205,274.558690866525,-60.7572083915575,203.073000987801,0.2
20260317_143646_roarm_1_ep01,roarm,roarm_1,21,4,270.833333333333,-50,207.5,271.6154043341,-53.0816167607609,207.230162488009,0.2
20260317_143646_roarm_1_ep01,roarm,roarm_1,22,4.2,266.666666666667,-40,210,266.254118579686,-38.7322828707428,207.228818562264,0.2
20260317_143646_roarm_1_ep01,roarm,roarm_1,23,4.4,262.5,-30,212.5,263.877112363084,-30.778881515718,211.206987833752,0.2
20260317_143646_roarm_1_ep01,roarm,roarm_1,24,4.6,258.333333333333,-20,215,258.320256194321,-19.6499709787035,214.575804300703,0.2
20260317_143646_roarm_1_ep01,roarm,roarm_1,25,4.8,254.166666666667,-10,217.5,251.962493652769,-8.19036952580057,217.697342221474,0.2
20260317_143646_roarm_1_ep01,roarm,roarm_1,26,5,250,0,220,248.939686706241,1.82455088957504,220.367170420865,0.2
20260317_143646_roarm_1_ep01,roarm,roarm_1,27,5.2,250,0,220,248.098726655731,0.931575105983004,218.204545403609,0.2
20260317_143646_roarm_1_ep01,roarm,roarm_1,28,5.4,246.666666666667,-13.3333333333333,212.5,245.079907450789,-13.10601661116,212.911264068204,0.2
20260317_143646_roarm_1_ep01,roarm,roarm_1,29,5.6,243.333333333333,-26.6666666666667,205,243.439080012648,-29.566206572253,205.818722013822,0.2
20260317_143646_roarm_1_ep01,roarm,roarm_1,30,5.8,240,-40,197.5,241.892635663593,-38.2489857031236,196.929670005122,0.2
20260317_143646_roarm_1_ep01,roarm,roarm_1,31,6,236.666666666667,-53.3333333333333,190,236.0758203093,-54.8594843606208,190.250205871646,0.2
20260317_143646_roarm_1_ep01,roarm,roarm_1,32,6.2,233.333333333333,-66.6666666666667,182.5,233.711520546781,-67.8238850245749,183.419545458361,0.2
20260317_143646_roarm_1_ep01,roarm,roarm_1,33,6.4,230,-80,175,231.278236322675,-79.0143107154337,174.246535659577,0.2
20260317_143646_roarm_1_ep01,roarm,roarm_1,34,6.6,226.666666666667,-93.3333333333333,167.5,224.658913928085,-92.3549957075076,168.947216675249,0.2
20260317_143646_roarm_1_ep01,roarm,roarm_1,35,6.8,223.333333333333,-106.666666666667,160,221.398144372283,-109.978950466735,161.43610811651,0.2
20260317_143646_roarm_1_ep01,roarm,roarm_1,36,7,220,-120,152.5,219.907491695866,-118.233290318469,153.485513417813,0.2
20260317_143646_roarm_1_ep01,roarm,roarm_1,37,7.2,216.666666666667,-133.333333333333,145,214.838799073352,-133.981150768437,144.165058705703,0.2
20260317_143646_roarm_1_ep01,roarm,roarm_1,38,7.4,213.333333333333,-146.666666666667,137.5,213.602853488806,-144.917213029115,137.555985942286,0.2
20260317_143646_roarm_1_ep01,roarm,roarm_1,39,7.6,210,-160,130,206.84993723142,-158.14705436587,130.00267152701,0.2
20260317_143646_roarm_1_ep01,roarm,roarm_1,40,7.8,210,-160,130,209.31069481227,-163.154764887806,130.373921684966,0.2
20260317_143646_roarm_1_ep02,roarm,roarm_1,41,8,210,160,130,208.625509095145,162.681329763104,129.179596470802,0.2
20260317_143646_roarm_1_ep02,roarm,roarm_1,42,8.2,210,133.333333333333,130,209.704932993219,131.998117720381,130.910748613628,0.2
20260317_143646_roarm_1_ep02,roarm,roarm_1,43,8.4,210,106.666666666667,130,209.981602125284,106.775888390234,130.939416308238,0.2
20260317_143646_roarm_1_ep02,roarm,roarm_1,44,8.6,210,80,130,211.012856007572,81.17895278612,127.867259307022,0.2
20260317_143646_roarm_1_ep02,roarm,roarm_1,45,8.8,210,53.3333333333334,130,210.329894455813,54.7827616414277,130.349994108353,0.2
20260317_143646_roarm_1_ep02,roarm,roarm_1,46,9,210,26.6666666666666,130,211.352722922513,29.8484492941513,131.248586665229,0.2
20260317_143646_roarm_1_ep02,roarm,roarm_1,47,9.2,210,0,130,208.315221303828,-1.24512760996077,129.878221260433,0.2
20260317_143646_roarm_1_ep02,roarm,roarm_1,48,9.4,210,-26.6666666666667,130,209.036113415193,-26.7850916165024,131.228112769694,0.2
20260317_143646_roarm_1_ep02,roarm,roarm_1,49,9.6,210,-53.3333333333333,130,209.202951247224,-53.7624905341504,129.772394345064,0.2
20260317_143646_roarm_1_ep02,roarm,roarm_1,50,9.8,210,-80,130,211.011784752881,-78.4447399998116,129.850537477096,0.2
20260317_143646_roarm_1_ep02,roarm,roarm_1,51,10,210,-106.666666666667,130,209.524377984133,-105.266274656119,130.723284089002,0.2
20260317_143646_roarm_1_ep02,roarm,roarm_1,52,10.2,210,-133.333333333333,130,210.732277220033,-128.434035241875,130.031700757794,0.2
20260317_143646_roarm_1_ep02,roarm,roarm_1,53,10.4,210,-160,130,210.511912401803,-160.125296483324,130.616421091002,0.2
20260317_143646_roarm_1_ep02,roarm,roarm_1,54,10.6,210,-160,130,209.212501209123,-158.488439888258,131.829102236662,0.2
20260317_143646_roarm_1_ep02,roarm,roarm_1,55,10.8,213.333333333333,-146.666666666667,137.5,213.46126543629,-146.769153753746,136.936534593155,0.2
20260317_143646_roarm_1_ep02,roarm,roarm_1,56,11,216.666666666667,-133.333333333333,145,215.956305579261,-135.88863511319,144.946279951584,0.2
20260317_143646_roarm_1_ep02,roarm,roarm_1,57,11.2,220,-120,152.5,218.677983901001,-118.116162849437,152.65584155054,0.2
20260317_143646_roarm_1_ep02,roarm,roarm_1,58,11.4,223.333333333333,-106.666666666667,160,223.415732354393,-104.568838002551,158.224351623486,0.2
20260317_143646_roarm_1_ep02,roarm,roarm_1,59,11.6,226.666666666667,-93.3333333333333,167.5,227.161147759581,-94.9201874900599,166.856630839054,0.2
20260317_143646_roarm_1_ep02,roarm,roarm_1,60,11.8,230,-80,175,230.387661185056,-78.6624585439777,174.163377589295,0.2
20260317_143646_roarm_1_ep02,roarm,roarm_1,61,12,233.333333333333,-66.6666666666667,182.5,234.163055701395,-64.4790526883237,181.644917821243,0.2
20260317_143646_roarm_1_ep02,roarm,roarm_1,62,12.2,236.666666666667,-53.3333333333333,190,235.178482741716,-53.3508824591298,190.626910734782,0.2
20260317_143646_roarm_1_ep02,roarm,roarm_1,63,12.4,240,-40,197.5,240.002248825516,-41.2244901063519,197.615147536198,0.2
20260317_143646_roarm_1_ep02,roarm,roarm_1,64,12.6,243.333333333333,-26.6666666666667,205,243.643936330632,-27.3335093803655,203.879510257316,0.2
20260317_143646_roarm_1_ep02,roarm,roarm_1,65,12.8,246.666666666667,-13.3333333333333,212.5,247.3197036106,-13.307700382398,212.137014371138,0.2
20260317_143646_roarm_1_ep02,roarm,roarm_1,66,13,250,0,220,249.05314378588,-0.750487476940966,219.13280682683,0.2
20260317_143646_roarm_1_ep02,roarm,roarm_1,67,13.2,250,0,220,248.439860265078,1.89814720777352,219.758542142459,0.2
20260317_143646_roarm_1_ep02,roarm,roarm_1,68,13.4,254.166666666667,-10,217.5,251.573119541313,-10.7323613254719,218.560384324308,0.2
20260317_143646_roarm_1_ep02,roarm,roarm_1,69,13.6,258.333333333333,-20,215,257.526102375768,-17.3339934883597,214.220481207978,0.2
20260317_143646_roarm_1_ep02,roarm,roarm_1,70,13.8,262.5,-30,212.5,261.37054211528,-31.5497000589943,213.663838518496,0.2
20260317_143646_roarm_1_ep02,roarm,roarm_1,71,14,266.666666666667,-40,210,265.796507571589,-39.3740464182204,208.351874978803,0.2
20260317_143646_roarm_1_ep02,roarm,roarm_1,72,14.2,270.833333333333,-50,207.5,269.97432015067,-49.0111519374832,206.219598402229,0.2
20260317_143646_roarm_1_ep02,roarm,roarm_1,73,14.4,275,-60,205,275.075186075264,-59.1773955935696,206.778446712672,0.2
20260317_143646_roarm_1_ep02,roarm,roarm_1,74,14.6,279.166666666667,-70,202.5,280.128297428428,-68.5799449322969,202.145745005643,0.2
20260317_143646_roarm_1_ep02,roarm,roarm_1,75,14.8,283.333333333333,-80,200,282.465107571336,-79.9152900243289,199.106677306631,0.2
20260317_143646_roarm_1_ep02,roarm,roarm_1,76,15,287.5,-90,197.5,289.183116805737,-88.8362568473104,198.462495619347,0.2
20260317_143646_roarm_1_ep02,roarm,roarm_1,77,15.2,291.666666666667,-100,195,293.557842752532,-100.161877773798,194.422842452388,0.2
20260317_143646_roarm_1_ep02,roarm,roarm_1,78,15.4,295.833333333333,-110,192.5,296.621782238934,-108.272060456663,193.358378863301,0.2
20260317_143646_roarm_1_ep02,roarm,roarm_1,79,15.6,300,-120,190,301.41836429901,-117.740804350023,190.295337944571,0.2
20260317_143646_roarm_1_ep02,roarm,roarm_1,80,15.8,300,-120,190,301.806145402942,-120.017768709127,190.789500353483,0.2
20260317_143646_roarm_1_ep03,roarm,roarm_1,81,16,250,0,220,249.480685136659,-1.73847426618603,220.335826335962,0.2
20260317_143646_roarm_1_ep03,roarm,roarm_1,82,16.2,252.5,0,222.5,252.998364590733,2.11681404155822,222.63686292463,0.2
20260317_143646_roarm_1_ep03,roarm,roarm_1,83,16.4,255,0,225,255.866442201087,0.364631978942714,226.467671125502,0.2
20260317_143646_roarm_1_ep03,roarm,roarm_1,84,16.6,257.5,0,227.5,259.195830997635,0.0159797415727569,227.624333691635,0.2
20260317_143646_roarm_1_ep03,roarm,roarm_1,85,16.8,260,0,230,262.669146705296,-0.359208404594867,230.857992471728,0.2
20260317_143646_roarm_1_ep03,roarm,roarm_1,86,17,262.5,0,232.5,261.182467828051,-1.14291902897473,233.362782702527,0.2
20260317_143646_roarm_1_ep03,roarm,roarm_1,87,17.2,265,0,235,265.972457716074,1.58713840563029,234.366808612515,0.2
20260317_143646_roarm_1_ep03,roarm,roarm_1,88,17.4,267.5,0,237.5,269.02698412744,0.257888511751436,237.452525911516,0.2
20260317_143646_roarm_1_ep03,roarm,roarm_1,89,17.6,270,0,240,272.533718203938,2.15556673875755,237.748921697703,0.2
20260317_143646_roarm_1_ep03,roarm,roarm_1,90,17.8,272.5,0,242.5,273.034733694422,-1.27536231935087,242.200448960986,0.2
20260317_143646_roarm_1_ep03,roarm,roarm_1,91,18,275,0,245,274.04862711014,2.43671604438358,246.241070132107,0.2
20260317_143646_roarm_1_ep03,roarm,roarm_1,92,18.2,277.5,0,247.5,278.332920813698,1.05512642327251,247.958163339088,0.2
20260317_143646_roarm_1_ep03,roarm,roarm_1,93,18.4,280,0,250,281.02597598529,0.376934369342571,249.821496104701,0.2
20260317_143646_roarm_1_ep03,roarm,roarm_1,94,18.6,280,0,250,280.761588745341,-0.464848677258894,249.605629753885,0.2
20260317_143646_roarm_1_ep03,roarm,roarm_1,95,18.8,277.5,0,247.5,277.095392186503,-0.132195258236199,247.508029274424,0.2
20260317_143646_roarm_1_ep03,roarm,roarm_1,96,19,275,0,245,278.797693422505,-1.83486458650019,243.928249393453,0.2
20260317_143646_roarm_1_ep03,roarm,roarm_1,97,19.2,272.5,0,242.5,272.86908796812,-0.0759172159468158,241.7698493747,0.2
20260317_143646_roarm_1_ep03,roarm,roarm_1,98,19.4,270,0,240,270.490480688697,1.1294863699233,238.846278453491,0.2
20260317_143646_roarm_1_ep03,roarm,roarm_1,99,19.6,267.5,0,237.5,266.888199425332,-1.93185964677172,237.583577687083,0.2
20260317_143646_roarm_1_ep03,roarm,roarm_1,100,19.8,265,0,235,265.245698950758,1.0238620703003,233.913632384766,0.2
20260317_143646_roarm_1_ep03,roarm,roarm_1,101,20,262.5,0,232.5,262.94623856772,-0.214962383384444,233.891953660212,0.2
20260317_143646_roarm_1_ep03,roarm,roarm_1,102,20.2,260,0,230,260.460121059993,-0.805776302674904,229.771067757349,0.2
20260317_143646_roarm_1_ep03,roarm,roarm_1,103,20.4,257.5,0,227.5,256.695669396459,2.15853190817649,226.988900312035,0.2
20260317_143646_roarm_1_ep03,roarm,roarm_1,104,20.6,255,0,225,252.58974682911,-0.301864532940029,226.143503410278,0.2
20260317_143646_roarm_1_ep03,roarm,roarm_1,105,20.8,252.5,0,222.5,253.494936621332,0.2461265486564,224.285405509163,0.2
20260317_143646_roarm_1_ep03,roarm,roarm_1,106,21,250,0,220,249.118432783952,0.388554461629937,219.128166484522,0.2
20260317_143646_roarm_1_ep03,roarm,roarm_1,107,21.2,250,0,220,248.818125200098,-0.516509610103017,220.647617091086,0.2
20260317_143646_roarm_1_ep03,roarm,roarm_1,108,21.4,246.666666666667,13.3333333333333,212.5,249.747856782937,14.5317459538785,211.42892253943,0.2
20260317_143646_roarm_1_ep03,roarm,roarm_1,109,21.6,243.333333333333,26.6666666666667,205,243.025600099391,25.8350020093164,204.707056901283,0.2
20260317_143646_roarm_1_ep03,roarm,roarm_1,110,21.8,240,40,197.5,241.770347971679,40.5660925967976,198.491574357635,0.2
20260317_143646_roarm_1_ep03,roarm,roarm_1,111,22,236.666666666667,53.3333333333333,190,237.571844493339,52.1440041504681,190.93081805262,0.2
20260317_143646_roarm_1_ep03,roarm,roarm_1,112,22.2,233.333333333333,66.6666666666667,182.5,231.307750831589,67.8663508813944,183.099637421442,0.2
20260317_143646_roarm_1_ep03,roarm,roarm_1,113,22.4,230,80,175,231.650643318104,77.8703872649026,174.796363906372,0.2
20260317_143646_roarm_1_ep03,roarm,roarm_1,114,22.6,226.666666666667,93.3333333333333,167.5,226.693536267462,93.48386049239,168.376356604853,0.2
20260317_143646_roarm_1_ep03,roarm,roarm_1,115,22.8,223.333333333333,106.666666666667,160,224.384374644761,107.644690321796,160.178530389054,0.2
20260317_143646_roarm_1_ep03,roarm,roarm_1,116,23,220,120,152.5,222.514015600833,119.512353839027,152.601147834027,0.2
20260317_143646_roarm_1_ep03,roarm,roarm_1,117,23.2,216.666666666667,133.333333333333,145,215.80162832344,133.241041168664,145.725587762913,0.2
20260317_143646_roarm_1_ep03,roarm,roarm_1,118,23.4,213.333333333333,146.666666666667,137.5,211.492320589665,146.95306256081,136.7651816229,0.2
20260317_143646_roarm_1_ep03,roarm,roarm_1,119,23.6,210,160,130,211.182576781822,157.051926649225,128.044475785521,0.2
20260317_143646_roarm_1_ep03,roarm,roarm_1,120,23.8,210,160,130,212.436440291931,159.775869907067,128.031731888193,0.2
20260317_143646_roarm_1_ep04,roarm,roarm_1,121,24,250,0,220,251.600487639992,0.499412279317553,219.926516348694,0.2
20260317_143646_roarm_1_ep04,roarm,roarm_1,122,24.2,254.166666666667,-10,217.5,255.738301916122,-6.91170566981378,217.526693350252,0.2
20260317_143646_roarm_1_ep04,roarm,roarm_1,123,24.4,258.333333333333,-20,215,257.97254690257,-18.4422872242246,214.492774706262,0.2
20260317_143646_roarm_1_ep04,roarm,roarm_1,124,24.6,262.5,-30,212.5,260.275380444539,-30.1597318684901,212.745263936558,0.2
20260317_143646_roarm_1_ep04,roarm,roarm_1,125,24.8,266.666666666667,-40,210,266.885356215201,-41.6771281231376,209.403058858732,0.2
20260317_143646_roarm_1_ep04,roarm,roarm_1,126,25,270.833333333333,-50,207.5,269.814101104645,-48.5674183261724,207.369199458143,0.2
20260317_143646_roarm_1_ep04,roarm,roarm_1,127,25.2,275,-60,205,275.974106266806,-59.1022274423569,204.807499444411,0.2
20260317_143646_roarm_1_ep04,roarm,roarm_1,128,25.4,279.166666666667,-70,202.5,276.195468263939,-69.455592594733,203.203949598987,0.2
20260317_143646_roarm_1_ep04,roarm,roarm_1,129,25.6,283.333333333333,-80,200,282.204437915882,-80.0253762058881,199.558335818228,0.2
20260317_143646_roarm_1_ep04,roarm,roarm_1,130,25.8,287.5,-90,197.5,290.052002200625,-90.0458538305021,197.703917755095,0.2
20260317_143646_roarm_1_ep04,roarm,roarm_1,131,26,291.666666666667,-100,195,290.094951324869,-101.10305553931,193.643437402403,0.2
20260317_143646_roarm_1_ep04,roarm,roarm_1,132,26.2,295.833333333333,-110,192.5,296.926211700921,-109.089219718671,191.671714615095,0.2
20260317_143646_roarm_1_ep04,roarm,roarm_1,133,26.4,300,-120,190,304.331466431735,-118.621296886358,190.405789038242,0.2
20260317_143646_roarm_1_ep04,roarm,roarm_1,134,26.6,300,-120,190,302.874275837534,-123.683531365488,189.908936589602,0.2
20260317_143646_roarm_1_ep04,roarm,roarm_1,135,26.8,292.5,-123.333333333333,185,292.462979930545,-123.033429264614,183.961685336812,0.2
20260317_143646_roarm_1_ep04,roarm,roarm_1,136,27,285,-126.666666666667,180,285.794050251377,-129.992344863235,180.107416384578,0.2
20260317_143646_roarm_1_ep04,roarm,roarm_1,137,27.2,277.5,-130,175,278.158364120301,-130.061490111117,175.364309176511,0.2
20260317_143646_roarm_1_ep04,roarm,roarm_1,138,27.4,270,-133.333333333333,170,268.854453567584,-132.509047255484,169.625362379442,0.2
20260317_143646_roarm_1_ep04,roarm,roarm_1,139,27.6,262.5,-136.666666666667,165,260.011261584478,-137.132009567831,164.380056967994,0.2
20260317_143646_roarm_1_ep04,roarm,roarm_1,140,27.8,255,-140,160,253.463113221293,-139.242502234163,160.040473113387,0.2
20260317_143646_roarm_1_ep04,roarm,roarm_1,141,28,247.5,-143.333333333333,155,247.117904654708,-144.15493721113,156.676593949729,0.2
20260317_143646_roarm_1_ep04,roarm,roarm_1,142,28.2,240,-146.666666666667,150,241.75950431552,-146.950258637719,150.086572643131,0.2
20260317_143646_roarm_1_ep04,roarm,roarm_1,143,28.4,232.5,-150,145,234.768840151926,-147.310093919729,146.102620544215,0.2
20260317_143646_roarm_1_ep04,roarm,roarm_1,144,28.6,225,-153.333333333333,140,224.511228816658,-154.207555714557,140.751587236659,0.2
20260317_143646_roarm_1_ep04,roarm,roarm_1,145,28.8,217.5,-156.666666666667,135,216.204398523507,-158.272980036589,134.644763201318,0.2
20260317_143646_roarm_1_ep04,roarm,roarm_1,146,29,210,-160,130,211.433819357832,-159.761077521913,130.244941807633,0.2
20260317_143646_roarm_1_ep04,roarm,roarm_1,147,29.2,210,-160,130,211.687124515751,-159.648058122553,128.861437520771,0.2
20260317_143646_roarm_1_ep04,roarm,roarm_1,148,29.4,210,-160,130,211.263140457733,-159.285487245769,129.911610310435,0.2
20260317_143646_roarm_1_ep04,roarm,roarm_1,149,29.6,210,-160,130,209.380446556668,-160.816874960598,129.975993314045,0.2
20260317_143646_roarm_1_ep04,roarm,roarm_1,150,29.8,210,-160,130,208.79922951419,-160.768285548159,128.513324626427,0.2
20260317_143646_roarm_1_ep04,roarm,roarm_1,151,30,210,-160,130,209.222037163987,-161.039843576718,130.577651776878,0.2
20260317_143646_roarm_1_ep04,roarm,roarm_1,152,30.2,210,-160,130,212.182450443333,-158.446772725242,131.046823485846,0.2
20260317_143646_roarm_1_ep04,roarm,roarm_1,153,30.4,210,-160,130,211.014315815778,-159.180108085299,130.749988674192,0.2
20260317_143646_roarm_1_ep04,roarm,roarm_1,154,30.6,210,-160,130,208.905241536321,-158.75019633181,128.801449557501,0.2
20260317_143646_roarm_1_ep04,roarm,roarm_1,155,30.8,210,-160,130,210.928160214205,-161.248618955334,129.029505188798,0.2
20260317_143646_roarm_1_ep04,roarm,roarm_1,156,31,210,-160,130,209.319733805835,-161.954061257825,130.015974798247,0.2
20260317_143646_roarm_1_ep04,roarm,roarm_1,157,31.2,210,-160,130,211.665988766608,-160.374060837985,130.495701633387,0.2
20260317_143646_roarm_1_ep04,roarm,roarm_1,158,31.4,210,-160,130,210.243056239651,-158.182268523827,129.841684418632,0.2
20260317_143646_roarm_1_ep04,roarm,roarm_1,159,31.6,210,-160,130,210.439456554209,-156.298428402478,131.146233767762,0.2
20260317_143646_roarm_1_ep04,roarm,roarm_1,160,31.8,210,-160,130,208.599235328253,-158.320311917257,129.075773261253,0.2
20260317_143646_roarm_1_ep05,roarm,roarm_1,161,32,210,160,130,210.806786666148,162.654605034783,128.094515005163,0.2
20260317_143646_roarm_1_ep05,roarm,roarm_1,162,32.2,210,160,130,208.384877816006,161.792411340887,129.706051543206,0.2
20260317_143646_roarm_1_ep05,roarm,roarm_1,163,32.4,210,160,130,209.942733284545,161.385901849514,132.223061145402,0.2
20260317_143646_roarm_1_ep05,roarm,roarm_1,164,32.6,210,160,130,208.047156887559,158.636513738736,129.922499830434,0.2
20260317_143646_roarm_1_ep05,roarm,roarm_1,165,32.8,210,160,130,210.00076567098,160.160283163498,129.687535466163,0.2
20260317_143646_roarm_1_ep05,roarm,roarm_1,166,33,210,160,130,211.829470022192,158.63565791097,130.20397663416,0.2
20260317_143646_roarm_1_ep05,roarm,roarm_1,167,33.2,210,160,130,211.484621169934,160.56279936449,129.377873790918,0.2
20260317_143646_roarm_1_ep05,roarm,roarm_1,168,33.4,210,160,130,210.180832490564,159.523905936018,129.400316146895,0.2
20260317_143646_roarm_1_ep05,roarm,roarm_1,169,33.6,210,160,130,212.02973086722,159.703498518258,129.421998039386,0.2
20260317_143646_roarm_1_ep05,roarm,roarm_1,170,33.8,210,160,130,208.866045743936,160.181798395734,128.504158617538,0.2
20260317_143646_roarm_1_ep05,roarm,roarm_1,171,34,210,160,130,207.530761663546,160.289346242856,128.710230416631,0.2
20260317_143646_roarm_1_ep05,roarm,roarm_1,172,34.2,210,160,130,209.400226560611,161.163104568123,130.92214998346,0.2
20260317_143646_roarm_1_ep05,roarm,roarm_1,173,34.4,210,160,130,212.316803769477,158.485656604803,130.856706378446,0.2
20260317_143646_roarm_1_ep05,roarm,roarm_1,174,34.6,210,160,130,210.487929810508,161.878658136282,130.220158584094,0.2
20260317_143646_roarm_1_ep05,roarm,roarm_1,175,34.8,210,133.333333333333,130,211.222795025042,135.042466630484,129.588289044106,0.2
20260317_143646_roarm_1_ep05,roarm,roarm_1,176,35,210,106.666666666667,130,209.308402353208,104.673093744107,129.912499818018,0.2
20260317_143646_roarm_1_ep05,roarm,roarm_1,177,35.2,210,80,130,210.533168977907,78.8852919083383,130.072030684304,0.2
20260317_143646_roarm_1_ep05,roarm,roarm_1,178,35.4,210,53.3333333333334,130,209.465394959072,52.6857956577665,130.779328180382,0.2
20260317_143646_roarm_1_ep05,roarm,roarm_1,179,35.6,210,26.6666666666666,130,211.224486864912,28.3891227058151,128.915040062001,0.2
20260317_143646_roarm_1_ep05,roarm,roarm_1,180,35.8,210,0,130,209.795816590124,0.982637591538712,128.706538949809,0.2
20260317_143646_roarm_1_ep05,roarm,roarm_1,181,36,210,-26.6666666666667,130,212.890109981336,-26.316789044862,129.454977650348,0.2
20260317_143646_roarm_1_ep05,roarm,roarm_1,182,36.2,210,-53.3333333333333,130,211.549218745458,-52.7676285011143,130.109255333839,0.2
20260317_143646_roarm_1_ep05,roarm,roarm_1,183,36.4,210,-80,130,208.979717557127,-82.6480885643868,129.036432276516,0.2
20260317_143646_roarm_1_ep05,roarm,roarm_1,184,36.6,210,-106.666666666667,130,209.031551044567,-105.987874999434,130.614498221874,0.2
20260317_143646_roarm_1_ep05,roarm,roarm_1,185,36.8,210,-133.333333333333,130,208.822049017813,-132.091069043805,130.667417008672,0.2
20260317_143646_roarm_1_ep05,roarm,roarm_1,186,37,210,-160,130,209.811748675223,-161.426843306662,130.892039996608,0.2
20260317_143646_roarm_1_ep05,roarm,roarm_1,187,37.2,210,-160,130,209.805417629708,-161.520227697107,130.252287016287,0.2
20260317_143646_roarm_1_ep05,roarm,roarm_1,188,37.4,217.5,-156.666666666667,135,218.285377989745,-158.859111118571,136.866405596611,0.2
20260317_143646_roarm_1_ep05,roarm,roarm_1,189,37.6,225,-153.333333333333,140,221.776421954155,-155.786188321741,141.224019127017,0.2
20260317_143646_roarm_1_ep05,roarm,roarm_1,190,37.8,232.5,-150,145,232.987761017212,-150.643369566337,145.011596088754,0.2
20260317_143646_roarm_1_ep05,roarm,roarm_1,191,38,240,-146.666666666667,150,241.096977710107,-147.968700810818,150.92815957986,0.2
20260317_143646_roarm_1_ep05,roarm,roarm_1,192,38.2,247.5,-143.333333333333,155,248.545975145074,-143.401058848516,155.191211140839,0.2
20260317_143646_roarm_1_ep05,roarm,roarm_1,193,38.4,255,-140,160,254.056855562488,-141.284919809979,159.611287260332,0.2
20260317_143646_roarm_1_ep05,roarm,roarm_1,194,38.6,262.5,-136.666666666667,165,264.042762675396,-137.026247148726,164.548377233244,0.2
20260317_143646_roarm_1_ep05,roarm,roarm_1,195,38.8,270,-133.333333333333,170,268.531099168456,-135.03350426245,170.022120892664,0.2
20260317_143646_roarm_1_ep05,roarm,roarm_1,196,39,277.5,-130,175,279.060359241286,-128.152773867649,175.560179421371,0.2
20260317_143646_roarm_1_ep05,roarm,roarm_1,197,39.2,285,-126.666666666667,180,284.536441995221,-127.218072792797,180.365633364717,0.2
20260317_143646_roarm_1_ep05,roarm,roarm_1,198,39.4,292.5,-123.333333333333,185,293.906158049782,-121.871967780625,182.881076016014,0.2
20260317_143646_roarm_1_ep05,roarm,roarm_1,199,39.6,300,-120,190,299.930302886289,-121.450171357283,189.528750976087,0.2
20260317_143646_roarm_1_ep05,roarm,roarm_1,200,39.8,300,-120,190,302.602841157655,-121.166295200481,188.31620258979,0.2
20260317_143646_roarm_1_ep06,roarm,roarm_1,201,40,210,160,130,210.849192157933,160.563875487444,129.723046172396,0.2
20260317_143646_roarm_1_ep06,roarm,roarm_1,202,40.2,217.5,156.666666666667,135,218.025147789139,156.229705930466,135.186078062109,0.2
20260317_143646_roarm_1_ep06,roarm,roarm_1,203,40.4,225,153.333333333333,140,225.864899175554,153.842819233564,139.327172900181,0.2
20260317_143646_roarm_1_ep06,roarm,roarm_1,204,40.6,232.5,150,145,231.69447947222,148.439763369832,145.997284324737,0.2
20260317_143646_roarm_1_ep06,roarm,roarm_1,205,40.8,240,146.666666666667,150,239.960919077106,145.681167872593,150.677745616327,0.2
20260317_143646_roarm_1_ep06,roarm,roarm_1,206,41,247.5,143.333333333333,155,246.733748799733,144.002340276278,156.516634609645,0.2
20260317_143646_roarm_1_ep06,roarm,roarm_1,207,41.2,255,140,160,256.40663441582,139.759755979582,159.88616187977,0.2
20260317_143646_roarm_1_ep06,roarm,roarm_1,208,41.4,262.5,136.666666666667,165,265.405689248171,136.41046845766,165.301168535337,0.2
20260317_143646_roarm_1_ep06,roarm,roarm_1,209,41.6,270,133.333333333333,170,270.488983028557,134.72058833128,170.215291229947,0.2
20260317_143646_roarm_1_ep06,roarm,roarm_1,210,41.8,277.5,130,175,278.049373959299,130.483226359522,177.68900349952,0.2
20260317_143646_roarm_1_ep06,roarm,roarm_1,211,42,285,126.666666666667,180,286.314103299334,125.351931646464,178.782553005995,0.2
20260317_143646_roarm_1_ep06,roarm,roarm_1,212,42.2,292.5,123.333333333333,185,290.077740439443,126.093454070887,184.181074243427,0.2
20260317_143646_roarm_1_ep06,roarm,roarm_1,213,42.4,300,120,190,301.488203362196,120.800726681987,188.473272883677,0.2
20260317_143646_roarm_1_ep06,roarm,roarm_1,214,42.6,300,120,190,303.034288777606,120.828443925662,191.820142407627,0.2
20260317_143646_roarm_1_ep06,roarm,roarm_1,215,42.8,300,100,190,300.513966729601,100.269342229293,188.980681741679,0.2
20260317_143646_roarm_1_ep06,roarm,roarm_1,216,43,300,80,190,300.056399197673,80.2056849527496,188.478947738057,0.2
20260317_143646_roarm_1_ep06,roarm,roarm_1,217,43.2,300,60,190,299.971622320172,60.2448700166668,189.278849321405,0.2
20260317_143646_roarm_1_ep06,roarm,roarm_1,218,43.4,300,40,190,300.615905038546,38.181053360298,189.426255308388,0.2
20260317_143646_roarm_1_ep06,roarm,roarm_1,219,43.6,300,20,190,300.158088288371,19.0923559196651,190.42179462271,0.2
20260317_143646_roarm_1_ep06,roarm,roarm_1,220,43.8,300,0,190,299.455786585669,-1.31117276339027,190.931593891723,0.2
20260317_143646_roarm_1_ep06,roarm,roarm_1,221,44,300,-20,190,300.900063091798,-19.1429589679054,190.685110191817,0.2
20260317_143646_roarm_1_ep06,roarm,roarm_1,222,44.2,300,-40,190,301.514130810181,-38.5136939246931,190.033690533355,0.2
20260317_143646_roarm_1_ep06,roarm,roarm_1,223,44.4,300,-60,190,299.32459495385,-60.1659844163136,191.237858736257,0.2
20260317_143646_roarm_1_ep06,roarm,roarm_1,224,44.6,300,-80,190,298.2032098471,-80.8465908882962,191.043308610236,0.2
20260317_143646_roarm_1_ep06,roarm,roarm_1,225,44.8,300,-100,190,301.269002587084,-100.743304294563,189.793182287435,0.2
20260317_143646_roarm_1_ep06,roarm,roarm_1,226,45,300,-120,190,299.766305755385,-120.413097113103,187.556750872848,0.2
20260317_143646_roarm_1_ep06,roarm,roarm_1,227,45.2,300,-120,190,299.359015736272,-119.536409419856,192.451575214284,0.2
20260317_143646_roarm_1_ep06,roarm,roarm_1,228,45.4,292.5,-123.333333333333,185,290.306057994081,-124.286645667198,184.614527151042,0.2
20260317_143646_roarm_1_ep06,roarm,roarm_1,229,45.6,285,-126.666666666667,180,283.586583675564,-127.677326321516,178.075756082437,0.2
20260317_143646_roarm_1_ep06,roarm,roarm_1,230,45.8,277.5,-130,175,277.331373549819,-130.777764184859,175.534982503935,0.2
20260317_143646_roarm_1_ep06,roarm,roarm_1,231,46,270,-133.333333333333,170,270.086111836384,-131.734607597157,171.620736609879,0.2
20260317_143646_roarm_1_ep06,roarm,roarm_1,232,46.2,262.5,-136.666666666667,165,262.682780542082,-138.523727986103,165.244125580208,0.2
20260317_143646_roarm_1_ep06,roarm,roarm_1,233,46.4,255,-140,160,257.097387364618,-140.143209999861,160.387622744969,0.2
20260317_143646_roarm_1_ep06,roarm,roarm_1,234,46.6,247.5,-143.333333333333,155,246.050528131371,-141.069553926432,155.403830740175,0.2
20260317_143646_roarm_1_ep06,roarm,roarm_1,235,46.8,240,-146.666666666667,150,239.366788098183,-149.17770287006,149.312369847313,0.2
20260317_143646_roarm_1_ep06,roarm,roarm_1,236,47,232.5,-150,145,230.959221875769,-150.738836253281,145.346808315743,0.2
20260317_143646_roarm_1_ep06,roarm,roarm_1,237,47.2,225,-153.333333333333,140,226.244028713741,-153.099884486252,140.083713866168,0.2
20260317_143646_roarm_1_ep06,roarm,roarm_1,238,47.4,217.5,-156.666666666667,135,218.061925202591,-152.686863411348,135.332713968274,0.2
20260317_143646_roarm_1_ep06,roarm,roarm_1,239,47.6,210,-160,130,210.211156242654,-157.633247488208,130.089547741141,0.2
20260317_143646_roarm_1_ep06,roarm,roarm_1,240,47.8,210,-160,130,208.990524398229,-158.602159814916,129.642109604561,0.2
20260317_143646_roarm_2_ep01,roarm,roarm_2,1,0,210,160,130,206.456922190657,158.947449837987,131.651903275866,0.2
20260317_143646_roarm_2_ep01,roarm,roarm_2,2,0.2,210,133.333333333333,130,210.35260926602,133.105704162933,129.844111389829,0.2
20260317_143646_roarm_2_ep01,roarm,roarm_2,3,0.4,210,106.666666666667,130,211.557247067886,107.162392353401,130.475806627326,0.2
20260317_143646_roarm_2_ep01,roarm,roarm_2,4,0.6,210,80,130,206.86424727594,79.7389477719532,130.019188173461,0.2
20260317_143646_roarm_2_ep01,roarm,roarm_2,5,0.8,210,53.3333333333334,130,208.709958984842,53.2989091698064,129.397682737133,0.2
20260317_143646_roarm_2_ep01,roarm,roarm_2,6,1,210,26.6666666666666,130,211.304852680069,25.810447978545,131.304679502863,0.2
20260317_143646_roarm_2_ep01,roarm,roarm_2,7,1.2,210,0,130,209.936033658725,1.3432961544733,132.284856035126,0.2
20260317_143646_roarm_2_ep01,roarm,roarm_2,8,1.4,210,-26.6666666666667,130,210.100241073171,-24.424782500502,128.927535756241,0.2
20260317_143646_roarm_2_ep01,roarm,roarm_2,9,1.6,210,-53.3333333333333,130,212.735016949184,-55.145977062101,129.934608404641,0.2
20260317_143646_roarm_2_ep01,roarm,roarm_2,10,1.8,210,-80,130,209.5097455077,-81.7237260514247,128.69195829288,0.2
20260317_143646_roarm_2_ep01,roarm,roarm_2,11,2,210,-106.666666666667,130,210.969574444589,-108.750471984995,128.659317399493,0.2
20260317_143646_roarm_2_ep01,roarm,roarm_2,12,2.2,210,-133.333333333333,130,211.693308034231,-133.330789139012,130.37968389214,0.2
20260317_143646_roarm_2_ep01,roarm,roarm_2,13,2.4,210,-160,130,208.64800255727,-160.295191514198,130.306941508906,0.2
20260317_143646_roarm_2_ep01,roarm,roarm_2,14,2.6,210,-160,130,210.251185016443,-157.31788181054,129.375917553196,0.2
20260317_143646_roarm_2_ep01,roarm,roarm_2,15,2.8,210,-160,130,209.775058621375,-158.75167742501,130.948091104454,0.2
20260317_143646_roarm_2_ep01,roarm,roarm_2,16,3,210,-160,130,207.039393636377,-160.587817981795,129.323288774059,0.2
20260317_143646_roarm_2_ep01,roarm,roarm_2,17,3.2,210,-160,130,209.975968517393,-159.227237818875,130.444829652599,0.2
20260317_143646_roarm_2_ep01,roarm,roarm_2,18,3.4,210,-160,130,211.711347473076,-159.328478484954,130.315440244749,0.2
20260317_143646_roarm_2_ep01,roarm,roarm_2,19,3.6,210,-160,130,211.418387297676,-159.357005340053,128.675393072146,0.2
20260317_143646_roarm_2_ep01,roarm,roarm_2,20,3.8,210,-160,130,210.164732280176,-162.482082795232,131.110672170457,0.2
20260317_143646_roarm_2_ep01,roarm,roarm_2,21,4,210,-160,130,206.83820738572,-160.824755400722,130.094260744582,0.2
20260317_143646_roarm_2_ep01,roarm,roarm_2,22,4.2,210,-160,130,209.942670300403,-157.175608971608,130.05546068405,0.2
20260317_143646_roarm_2_ep01,roarm,roarm_2,23,4.4,210,-160,130,209.079164787798,-159.119475085983,128.793291092359,0.2
20260317_143646_roarm_2_ep01,roarm,roarm_2,24,4.6,210,-160,130,210.817995804152,-159.623604424293,129.607252532647,0.2
20260317_143646_roarm_2_ep01,roarm,roarm_2,25,4.8,210,-160,130,209.06693710801,-161.785715058471,128.121533349354,0.2
20260317_143646_roarm_2_ep01,roarm,roarm_2,26,5,210,-160,130,209.363987384355,-158.834137098572,129.286073999748,0.2
20260317_143646_roarm_2_ep01,roarm,roarm_2,27,5.2,210,-160,130,212.376959506147,-161.332466982381,132.140829537513,0.2
20260317_143646_roarm_2_ep01,roarm,roarm_2,28,5.4,217.5,-136.666666666667,135,216.461732818464,-136.517720644443,136.434978433819,0.2
20260317_143646_roarm_2_ep01,roarm,roarm_2,29,5.6,225,-113.333333333333,140,226.85010175427,-114.469800141107,140.738578143728,0.2
20260317_143646_roarm_2_ep01,roarm,roarm_2,30,5.8,232.5,-90,145,230.828458147878,-92.5588036259515,145.661162349352,0.2
20260317_143646_roarm_2_ep01,roarm,roarm_2,31,6,240,-66.6666666666667,150,237.405536978762,-69.8737769344002,149.939952334927,0.2
20260317_143646_roarm_2_ep01,roarm,roarm_2,32,6.2,247.5,-43.3333333333333,155,249.578536061207,-41.506609550896,153.504949173715,0.2
20260317_143646_roarm_2_ep01,roarm,roarm_2,33,6.4,255,-20,160,255.05592465003,-18.7956936925787,160.973853587985,0.2
20260317_143646_roarm_2_ep01,roarm,roarm_2,34,6.6,262.5,3.33333333333334,165,264.84110078331,5.71270764609132,165.85629777742,0.2
20260317_143646_roarm_2_ep01,roarm,roarm_2,35,6.8,270,26.6666666666667,170,267.863275474568,26.7262201727134,168.620088379365,0.2
20260317_143646_roarm_2_ep01,roarm,roarm_2,36,7,277.5,50,175,279.349606352693,52.6131145728951,172.998504910513,0.2
20260317_143646_roarm_2_ep01,roarm,roarm_2,37,7.2,285,73.3333333333333,180,286.253245488109,72.8191058443691,179.522037898715,0.2
20260317_143646_roarm_2_ep01,roarm,roarm_2,38,7.4,292.5,96.6666666666667,185,291.166347880828,98.5618103427088,185.383201164839,0.2
20260317_143646_roarm_2_ep01,roarm,roarm_2,39,7.6,300,120,190,299.82169896006,120.625870747178,191.013221812423,0.2
20260317_143646_roarm_2_ep01,roarm,roarm_2,40,7.8,300,120,190,298.69572376417,118.807979284945,190.688502281475,0.2
20260317_143646_roarm_2_ep02,roarm,roarm_2,41,8,210,-160,130,206.485791633251,-161.389845002129,131.129567515695,0.2
20260317_143646_roarm_2_ep02,roarm,roarm_2,42,8.2,215.833333333333,-146.666666666667,140,215.009642039732,-146.241069112262,140.21277931786,0.2
20260317_143646_roarm_2_ep02,roarm,roarm_2,43,8.4,221.666666666667,-133.333333333333,150,218.362521825166,-131.456723820675,152.024705017417,0.2
20260317_143646_roarm_2_ep02,roarm,roarm_2,44,8.6,227.5,-120,160,227.44165492694,-118.502124559445,159.242666304514,0.2
20260317_143646_roarm_2_ep02,roarm,roarm_2,45,8.8,233.333333333333,-106.666666666667,170,234.227551046367,-103.481841118412,171.311725359436,0.2
20260317_143646_roarm_2_ep02,roarm,roarm_2,46,9,239.166666666667,-93.3333333333333,180,238.116754397394,-94.8627532598141,180.053114787434,0.2
20260317_143646_roarm_2_ep02,roarm,roarm_2,47,9.2,245,-80,190,244.6444712501,-80.094103974139,191.271109094792,0.2
20260317_143646_roarm_2_ep02,roarm,roarm_2,48,9.4,250.833333333333,-66.6666666666667,200,251.165040889529,-64.1706318336766,199.957040124567,0.2
20260317_143646_roarm_2_ep02,roarm,roarm_2,49,9.6,256.666666666667,-53.3333333333333,210,256.46681349744,-52.1435335863139,210.42627254438,0.2
20260317_143646_roarm_2_ep02,roarm,roarm_2,50,9.8,262.5,-40,220,262.185147215587,-42.3822386165113,218.883619334021,0.2
20260317_143646_roarm_2_ep02,roarm,roarm_2,51,10,268.333333333333,-26.6666666666667,230,269.258615896613,-25.8514702882609,228.532104025863,0.2
20260317_143646_roarm_2_ep02,roarm,roarm_2,52,10.2,274.166666666667,-13.3333333333333,240,274.346529166692,-12.5393000900418,238.824755687625,0.2
20260317_143646_roarm_2_ep02,roarm,roarm_2,53,10.4,280,0,250,278.502677129669,1.79106342014353,248.246302537133,0.2
20260317_143646_roarm_2_ep02,roarm,roarm_2,54,10.6,280,0,250,280.66979403023,1.46708992079753,248.208742711798,0.2
20260317_143646_roarm_2_ep02,roarm,roarm_2,55,10.8,281.666666666667,-10,245,281.471383159245,-11.7628560051971,245.089962082583,0.2
20260317_143646_roarm_2_ep02,roarm,roarm_2,56,11,283.333333333333,-20,240,282.700084492247,-22.4764003756295,240.617968653882,0.2
20260317_143646_roarm_2_ep02,roarm,roarm_2,57,11.2,285,-30,235,285.894240420347,-30.9276560000467,235.527875380403,0.2
20260317_143646_roarm_2_ep02,roarm,roarm_2,58,11.4,286.666666666667,-40,230,284.650189469776,-41.8521479886624,228.846560106221,0.2
20260317_143646_roarm_2_ep02,roarm,roarm_2,59,11.6,288.333333333333,-50,225,288.169341267797,-50.7862921378388,226.911298445496,0.2
20260317_143646_roarm_2_ep02,roarm,roarm_2,60,11.8,290,-60,220,289.893340951954,-59.1572469508659,220.574071705525,0.2
20260317_143646_roarm_2_ep02,roarm,roarm_2,61,12,291.666666666667,-70,215,292.224267002663,-69.7124591856235,216.244085176867,0.2
20260317_143646_roarm_2_ep02,roarm,roarm_2,62,12.2,293.333333333333,-80,210,291.587093637545,-77.5470954611169,210.68632967965,0.2
20260317_143646_roarm_2_ep02,roarm,roarm_2,63,12.4,295,-90,205,293.275770062294,-88.3347640494365,206.182563768447,0.2
20260317_143646_roarm_2_ep02,roarm,roarm_2,64,12.6,296.666666666667,-100,200,299.227658803698,-100.630473126226,201.639377731233,0.2
20260317_143646_roarm_2_ep02,roarm,roarm_2,65,12.8,298.333333333333,-110,195,298.728536100736,-112.195224603114,194.223829017503,0.2
20260317_143646_roarm_2_ep02,roarm,roarm_2,66,13,300,-120,190,301.394232015837,-117.310563390353,188.816848238437,0.2
20260317_143646_roarm_2_ep02,roarm,roarm_2,67,13.2,300,-120,190,299.833236208582,-120.985148711781,191.879734139316,0.2
20260317_143646_roarm_2_ep02,roarm,roarm_2,68,13.4,295.833333333333,-110,192.5,294.489212017979,-108.002741419755,191.875426869025,0.2
20260317_143646_roarm_2_ep02,roarm,roarm_2,69,13.6,291.666666666667,-100,195,292.831684989568,-101.986380547101,196.500276651961,0.2
20260317_143646_roarm_2_ep02,roarm,roarm_2,70,13.8,287.5,-90,197.5,284.195645711629,-89.5162279459903,197.921004447983,0.2
20260317_143646_roarm_2_ep02,roarm,roarm_2,71,14,283.333333333333,-80,200,282.102281627326,-81.4496881300361,200.609348200703,0.2
20260317_143646_roarm_2_ep02,roarm,roarm_2,72,14.2,279.166666666667,-70,202.5,277.612349555578,-70.0423562772759,199.680233205752,0.2
20260317_143646_roarm_2_ep02,roarm,roarm_2,73,14.4,275,-60,205,271.878425675693,-60.0671296927877,206.117954994265,0.2
20260317_143646_roarm_2_ep02,roarm,roarm_2,74,14.6,270.833333333333,-50,207.5,268.359077951081,-48.9819991762081,207.994323247652,0.2
20260317_143646_roarm_2_ep02,roarm,roarm_2,75,14.8,266.666666666667,-40,210,265.783963801786,-40.0358869902807,212.191313009895,0.2
20260317_143646_roarm_2_ep02,roarm,roarm_2,76,15,262.5,-30,212.5,260.399128479051,-29.2798507644135,212.707550677084,0.2
20260317_143646_roarm_2_ep02,roarm,roarm_2,77,15.2,258.333333333333,-20,215,258.816460490082,-20.0088207242284,215.281389082113,0.2
20260317_143646_roarm_2_ep02,roarm,roarm_2,78,15.4,254.166666666667,-10,217.5,253.789657799211,-12.5401891948163,216.915983814905,0.2
20260317_143646_roarm_2_ep02,roarm,roarm_2,79,15.6,250,0,220,250.35166409627,0.388179330949211,220.603656417785,0.2
20260317_143646_roarm_2_ep02,roarm,roarm_2,80,15.8,250,0,220,253.331448034124,-2.48119594409787,220.680410495868,0.2
20260317_143646_roarm_2_ep03,roarm,roarm_2,81,16,210,160,130,211.020542765952,160.639321895218,128.394330525365,0.2
20260317_143646_roarm_2_ep03,roarm,roarm_2,82,16.2,217.5,136.666666666667,135,218.859316128071,137.04093788137,136.894228211987,0.2
20260317_143646_roarm_2_ep03,roarm,roarm_2,83,16.4,225,113.333333333333,140,223.33143200954,112.250270673431,138.247813207056,0.2
20260317_143646_roarm_2_ep03,roarm,roarm_2,84,16.6,232.5,90,145,232.505418470304,91.4927164351567,144.521030646217,0.2
20260317_143646_roarm_2_ep03,roarm,roarm_2,85,16.8,240,66.6666666666667,150,239.221347957995,66.2246770548263,149.839450088797,0.2
20260317_143646_roarm_2_ep03,roarm,roarm_2,86,17,247.5,43.3333333333333,155,249.035274078949,43.3571754381205,154.517342932345,0.2
20260317_143646_roarm_2_ep03,roarm,roarm_2,87,17.2,255,20,160,255.952011771857,17.9533429285861,160.598624800605,0.2
20260317_143646_roarm_2_ep03,roarm,roarm_2,88,17.4,262.5,-3.33333333333334,165,262.190252829134,-0.124283823767532,164.35118622566,0.2
20260317_143646_roarm_2_ep03,roarm,roarm_2,89,17.6,270,-26.6666666666667,170,270.635388363054,-26.4898686440406,168.919221522881,0.2
20260317_143646_roarm_2_ep03,roarm,roarm_2,90,17.8,277.5,-50,175,278.813290034951,-53.3394224826426,173.05388869492,0.2
20260317_143646_roarm_2_ep03,roarm,roarm_2,91,18,285,-73.3333333333333,180,283.035608006728,-71.3748986780377,180.983969531304,0.2
20260317_143646_roarm_2_ep03,roarm,roarm_2,92,18.2,292.5,-96.6666666666667,185,290.622920465252,-96.9362973525747,184.256593551703,0.2
20260317_143646_roarm_2_ep03,roarm,roarm_2,93,18.4,300,-120,190,300.349862882539,-116.84798279307,189.12333368854,0.2
20260317_143646_roarm_2_ep03,roarm,roarm_2,94,18.6,300,-120,190,302.923182822153,-120.697908276106,189.34808280051,0.2
20260317_143646_roarm_2_ep03,roarm,roarm_2,95,18.8,300,-120,190,300.914445882743,-118.936313976059,190.279796044889,0.2
20260317_143646_roarm_2_ep03,roarm,roarm_2,96,19,300,-120,190,297.798815922275,-121.036975964553,189.132011543917,0.2
20260317_143646_roarm_2_ep03,roarm,roarm_2,97,19.2,300,-120,190,299.231238395072,-121.173129735464,190.425789160678,0.2
20260317_143646_roarm_2_ep03,roarm,roarm_2,98,19.4,300,-120,190,301.517310743659,-120.376001051402,190.554236064729,0.2
20260317_143646_roarm_2_ep03,roarm,roarm_2,99,19.6,300,-120,190,301.138321193664,-119.799236010505,189.727438503535,0.2
20260317_143646_roarm_2_ep03,roarm,roarm_2,100,19.8,300,-120,190,299.186058521927,-121.744656828257,189.726482604761,0.2
20260317_143646_roarm_2_ep03,roarm,roarm_2,101,20,300,-120,190,300.239255812449,-120.280062183905,190.217904146672,0.2
20260317_143646_roarm_2_ep03,roarm,roarm_2,102,20.2,300,-120,190,300.069357450279,-118.994512550456,189.369499056699,0.2
20260317_143646_roarm_2_ep03,roarm,roarm_2,103,20.4,300,-120,190,299.822384762725,-119.636903124172,189.623915374825,0.2
20260317_143646_roarm_2_ep03,roarm,roarm_2,104,20.6,300,-120,190,300.420666610063,-122.661678213289,190.458577814692,0.2
20260317_143646_roarm_2_ep03,roarm,roarm_2,105,20.8,300,-120,190,300.692734334329,-120.001781229828,189.647061246102,0.2
20260317_143646_roarm_2_ep03,roarm,roarm_2,106,21,300,-120,190,299.350513116406,-122.557161155737,191.095716737037,0.2
20260317_143646_roarm_2_ep03,roarm,roarm_2,107,21.2,300,-120,190,300.953658173645,-121.630776476326,188.522734569669,0.2
20260317_143646_roarm_2_ep03,roarm,roarm_2,108,21.4,300,-120,190,299.422125877898,-118.97874501365,190.832649348688,0.2
20260317_143646_roarm_2_ep03,roarm,roarm_2,109,21.6,300,-120,190,300.801897354934,-118.847963146323,191.754887670505,0.2
20260317_143646_roarm_2_ep03,roarm,roarm_2,110,21.8,300,-120,190,297.443531338303,-119.295737663587,189.945696155007,0.2
20260317_143646_roarm_2_ep03,roarm,roarm_2,111,22,300,-120,190,298.876687527733,-118.924853937444,189.994487098583,0.2
20260317_143646_roarm_2_ep03,roarm,roarm_2,112,22.2,300,-120,190,301.800171478644,-121.551025708321,189.152432245534,0.2
20260317_143646_roarm_2_ep03,roarm,roarm_2,113,22.4,300,-120,190,300.650133055309,-121.331285969139,190.121232620803,0.2
20260317_143646_roarm_2_ep03,roarm,roarm_2,114,22.6,300,-120,190,299.397142664276,-118.354982515184,190.436674648218,0.2
20260317_143646_roarm_2_ep03,roarm,roarm_2,115,22.8,300,-120,190,299.389492964356,-120.958035250507,189.595118800096,0.2
20260317_143646_roarm_2_ep03,roarm,roarm_2,116,23,300,-120,190,303.590793684732,-120.074434520469,189.797424091633,0.2
20260317_143646_roarm_2_ep03,roarm,roarm_2,117,23.2,300,-120,190,299.70369892359,-117.725525960194,188.267791891243,0.2
20260317_143646_roarm_2_ep03,roarm,roarm_2,118,23.4,300,-120,190,301.668708769979,-121.078921540098,189.726634421501,0.2
20260317_143646_roarm_2_ep03,roarm,roarm_2,119,23.6,300,-120,190,301.01610662878,-121.404676232107,190.425716850557,0.2
20260317_143646_roarm_2_ep03,roarm,roarm_2,120,23.8,300,-120,190,299.888185344925,-122.098210930284,190.192306104158,0.2
20260317_143646_roarm_2_ep04,roarm,roarm_2,121,24,210,160,130,210.933483848003,160.800154542633,129.610659244364,0.2
20260317_143646_roarm_2_ep04,roarm,roarm_2,122,24.2,210,160,130,208.092498317683,160.408901592463,130.317468464888,0.2
20260317_143646_roarm_2_ep04,roarm,roarm_2,123,24.4,210,160,130,212.24755241389,157.669298813275,129.645708377058,0.2
20260317_143646_roarm_2_ep04,roarm,roarm_2,124,24.6,210,160,130,210.651341433229,159.847782969394,132.028767985374,0.2
20260317_143646_roarm_2_ep04,roarm,roarm_2,125,24.8,210,160,130,209.449182182427,156.454337728012,130.729858345362,0.2
20260317_143646_roarm_2_ep04,roarm,roarm_2,126,25,210,160,130,207.901468861082,161.972330555701,130.403825374673,0.2
20260317_143646_roarm_2_ep04,roarm,roarm_2,127,25.2,210,160,130,209.483750658355,158.529903614045,131.857345419887,0.2
20260317_143646_roarm_2_ep04,roarm,roarm_2,128,25.4,210,160,130,210.464307678916,159.266345910961,129.30511670197,0.2
20260317_143646_roarm_2_ep04,roarm,roarm_2,129,25.6,210,160,130,209.729411097575,161.884425016292,131.910743619061,0.2
20260317_143646_roarm_2_ep04,roarm,roarm_2,130,25.8,210,160,130,210.040789441442,160.640694153864,130.32336483607,0.2
20260317_143646_roarm_2_ep04,roarm,roarm_2,131,26,210,160,130,207.526547948958,160.210506981215,129.501957262436,0.2
20260317_143646_roarm_2_ep04,roarm,roarm_2,132,26.2,210,160,130,209.358340462485,159.773688485527,127.109189942062,0.2
20260317_143646_roarm_2_ep04,roarm,roarm_2,133,26.4,210,160,130,208.89818690871,161.134322825166,130.120792842515,0.2
20260317_143646_roarm_2_ep04,roarm,roarm_2,134,26.6,210,160,130,209.226141530025,159.488712371291,128.920007848642,0.2
20260317_143646_roarm_2_ep04,roarm,roarm_2,135,26.8,217.5,136.666666666667,135,216.45391663201,135.792171597685,134.813874586537,0.2
20260317_143646_roarm_2_ep04,roarm,roarm_2,136,27,225,113.333333333333,140,225.881940927489,113.301771237818,139.920238691667,0.2
20260317_143646_roarm_2_ep04,roarm,roarm_2,137,27.2,232.5,90,145,231.246727821685,91.4679301163859,145.235477911611,0.2
20260317_143646_roarm_2_ep04,roarm,roarm_2,138,27.4,240,66.6666666666667,150,240.849071612552,66.99560204722,150.807711012773,0.2
20260317_143646_roarm_2_ep04,roarm,roarm_2,139,27.6,247.5,43.3333333333333,155,249.76879011083,42.6858831994938,155.542560581042,0.2
20260317_143646_roarm_2_ep04,roarm,roarm_2,140,27.8,255,20,160,256.018949838623,19.9868496334922,161.911941317247,0.2
20260317_143646_roarm_2_ep04,roarm,roarm_2,141,28,262.5,-3.33333333333334,165,261.032076217964,-4.06252713745946,165.077897951554,0.2
20260317_143646_roarm_2_ep04,roarm,roarm_2,142,28.2,270,-26.6666666666667,170,270.039301504672,-27.0008424773417,169.520294500816,0.2
20260317_143646_roarm_2_ep04,roarm,roarm_2,143,28.4,277.5,-50,175,278.736880970949,-50.0906049899991,174.193236169866,0.2
20260317_143646_roarm_2_ep04,roarm,roarm_2,144,28.6,285,-73.3333333333333,180,287.569256702238,-71.9650958065888,181.488841707166,0.2
20260317_143646_roarm_2_ep04,roarm,roarm_2,145,28.8,292.5,-96.6666666666667,185,292.459877926464,-93.7929303151084,185.919677108422,0.2
20260317_143646_roarm_2_ep04,roarm,roarm_2,146,29,300,-120,190,297.28785196995,-121.89796177563,190.583630615504,0.2
20260317_143646_roarm_2_ep04,roarm,roarm_2,147,29.2,300,-120,190,299.82571806227,-120.215718402911,191.074769556346,0.2
20260317_143646_roarm_2_ep04,roarm,roarm_2,148,29.4,300,-120,190,302.553283550006,-119.413146995388,190.127331572717,0.2
20260317_143646_roarm_2_ep04,roarm,roarm_2,149,29.6,300,-120,190,303.376396535604,-120.016016896852,189.54945081764,0.2
20260317_143646_roarm_2_ep04,roarm,roarm_2,150,29.8,300,-120,190,299.107425631607,-121.103504375293,190.081695061869,0.2
20260317_143646_roarm_2_ep04,roarm,roarm_2,151,30,300,-120,190,298.708714555569,-122.787615722228,188.715113110137,0.2
20260317_143646_roarm_2_ep04,roarm,roarm_2,152,30.2,300,-120,190,300.654303248466,-118.363075795882,191.202602191586,0.2
20260317_143646_roarm_2_ep04,roarm,roarm_2,153,30.4,300,-120,190,303.469295447702,-121.625969020268,191.364534234318,0.2
20260317_143646_roarm_2_ep04,roarm,roarm_2,154,30.6,300,-120,190,300.122520333812,-120.701673339125,189.573620323926,0.2
20260317_143646_roarm_2_ep04,roarm,roarm_2,155,30.8,300,-120,190,301.334436952565,-119.025374965027,188.193821399585,0.2
20260317_143646_roarm_2_ep04,roarm,roarm_2,156,31,300,-120,190,301.5370445981,-118.762151604488,189.763667735123,0.2
20260317_143646_roarm_2_ep04,roarm,roarm_2,157,31.2,300,-120,190,298.52810119908,-121.15438234844,188.763877124515,0.2
20260317_143646_roarm_2_ep04,roarm,roarm_2,158,31.4,300,-120,190,299.924677940049,-120.58299600326,189.688054889029,0.2
20260317_143646_roarm_2_ep04,roarm,roarm_2,159,31.6,300,-120,190,300.332047049394,-120.445987477589,188.302805273955,0.2
20260317_143646_roarm_2_ep04,roarm,roarm_2,160,31.8,300,-120,190,299.101936064554,-120.785020217495,188.284171155479,0.2
20260317_143646_roarm_2_ep05,roarm,roarm_2,161,32,210,-160,130,209.453623009636,-159.028515983541,129.696467791542,0.2
20260317_143646_roarm_2_ep05,roarm,roarm_2,162,32.2,213.333333333333,-146.666666666667,137.5,212.993076433694,-147.974037918045,138.625759500726,0.2
20260317_143646_roarm_2_ep05,roarm,roarm_2,163,32.4,216.666666666667,-133.333333333333,145,218.154094849909,-132.303677452,145.531254292076,0.2
20260317_143646_roarm_2_ep05,roarm,roarm_2,164,32.6,220,-120,152.5,221.089655563665,-118.95861920354,152.894100620617,0.2
20260317_143646_roarm_2_ep05,roarm,roarm_2,165,32.8,223.333333333333,-106.666666666667,160,224.280769537284,-107.730321751356,160.029346660421,0.2
20260317_143646_roarm_2_ep05,roarm,roarm_2,166,33,226.666666666667,-93.3333333333333,167.5,227.49223202851,-94.4215572789434,167.500764372112,0.2
20260317_143646_roarm_2_ep05,roarm,roarm_2,167,33.2,230,-80,175,229.718733030106,-78.1378636451992,175.472488291253,0.2
20260317_143646_roarm_2_ep05,roarm,roarm_2,168,33.4,233.333333333333,-66.6666666666667,182.5,234.975041948394,-65.7326615309293,183.509233809814,0.2
20260317_143646_roarm_2_ep05,roarm,roarm_2,169,33.6,236.666666666667,-53.3333333333333,190,236.52492081561,-53.1606041205148,189.371843009687,0.2
20260317_143646_roarm_2_ep05,roarm,roarm_2,170,33.8,240,-40,197.5,240.581358697156,-35.3885907131335,197.59758636157,0.2
20260317_143646_roarm_2_ep05,roarm,roarm_2,171,34,243.333333333333,-26.6666666666667,205,243.264941374651,-25.3792831517583,203.436381251177,0.2
20260317_143646_roarm_2_ep05,roarm,roarm_2,172,34.2,246.666666666667,-13.3333333333333,212.5,248.359009198385,-14.6046908923429,213.06750716242,0.2
20260317_143646_roarm_2_ep05,roarm,roarm_2,173,34.4,250,0,220,250.414895381597,-0.100537862964812,219.282721768161,0.2
20260317_143646_roarm_2_ep05,roarm,roarm_2,174,34.6,250,0,220,250.625967579972,1.68683986255965,220.682643240641,0.2
20260317_143646_roarm_2_ep05,roarm,roarm_2,175,34.8,246.666666666667,13.3333333333333,212.5,248.760804147458,11.2504496080953,212.519262480728,0.2
20260317_143646_roarm_2_ep05,roarm,roarm_2,176,35,243.333333333333,26.6666666666667,205,241.307803112671,26.8386199182309,205.541631754233,0.2
20260317_143646_roarm_2_ep05,roarm,roarm_2,177,35.2,240,40,197.5,238.848501205139,41.9242376214587,197.025143621837,0.2
20260317_143646_roarm_2_ep05,roarm,roarm_2,178,35.4,236.666666666667,53.3333333333333,190,237.601813236257,52.8117872812392,189.241675880978,0.2
20260317_143646_roarm_2_ep05,roarm,roarm_2,179,35.6,233.333333333333,66.6666666666667,182.5,232.227585650694,64.490113023861,184.02075373828,0.2
20260317_143646_roarm_2_ep05,roarm,roarm_2,180,35.8,230,80,175,226.329144152889,78.0649303892965,173.015426209876,0.2
20260317_143646_roarm_2_ep05,roarm,roarm_2,181,36,226.666666666667,93.3333333333333,167.5,224.652246445495,89.145575317449,168.10218634031,0.2
20260317_143646_roarm_2_ep05,roarm,roarm_2,182,36.2,223.333333333333,106.666666666667,160,223.393997390194,105.120290156294,158.699024416222,0.2
20260317_143646_roarm_2_ep05,roarm,roarm_2,183,36.4,220,120,152.5,218.023031449664,119.582316840546,150.477907008993,0.2
20260317_143646_roarm_2_ep05,roarm,roarm_2,184,36.6,216.666666666667,133.333333333333,145,217.276761430724,133.198594256268,144.657737579382,0.2
20260317_143646_roarm_2_ep05,roarm,roarm_2,185,36.8,213.333333333333,146.666666666667,137.5,214.311671987775,147.185283984716,137.155314309786,0.2
20260317_143646_roarm_2_ep05,roarm,roarm_2,186,37,210,160,130,210.046178919343,159.79997821692,129.373962652149,0.2
20260317_143646_roarm_2_ep05,roarm,roarm_2,187,37.2,210,160,130,211.66715959994,161.803249388795,130.072381856812,0.2
20260317_143646_roarm_2_ep05,roarm,roarm_2,188,37.4,217.5,136.666666666667,135,215.959878642899,134.907210935105,135.25100421714,0.2
20260317_143646_roarm_2_ep05,roarm,roarm_2,189,37.6,225,113.333333333333,140,224.603066686204,112.113547172424,140.132016782961,0.2
20260317_143646_roarm_2_ep05,roarm,roarm_2,190,37.8,232.5,90,145,230.723022457578,90.5106308314842,143.407906581908,0.2
20260317_143646_roarm_2_ep05,roarm,roarm_2,191,38,240,66.6666666666667,150,236.319354996483,66.3544857996599,149.018070115753,0.2
20260317_143646_roarm_2_ep05,roarm,roarm_2,192,38.2,247.5,43.3333333333333,155,249.796678676231,45.3923378847845,154.387882093138,0.2
20260317_143646_roarm_2_ep05,roarm,roarm_2,193,38.4,255,20,160,253.549894466181,19.6754069008987,159.683917538268,0.2
20260317_143646_roarm_2_ep05,roarm,roarm_2,194,38.6,262.5,-3.33333333333334,165,264.577976141953,-3.85577632043639,166.205510980778,0.2
20260317_143646_roarm_2_ep05,roarm,roarm_2,195,38.8,270,-26.6666666666667,170,271.85586522405,-22.8870813583555,169.620549864536,0.2
20260317_143646_roarm_2_ep05,roarm,roarm_2,196,39,277.5,-50,175,276.78709718871,-47.4864119790082,174.261630997954,0.2
20260317_143646_roarm_2_ep05,roarm,roarm_2,197,39.2,285,-73.3333333333333,180,282.276745545118,-73.2032408577113,180.500257505461,0.2
20260317_143646_roarm_2_ep05,roarm,roarm_2,198,39.4,292.5,-96.6666666666667,185,291.955528754621,-97.1927047389795,183.637090070854,0.2
20260317_143646_roarm_2_ep05,roarm,roarm_2,199,39.6,300,-120,190,302.584205895809,-119.697941773012,189.452313207819,0.2
20260317_143646_roarm_2_ep05,roarm,roarm_2,200,39.8,300,-120,190,300.602718545888,-118.748407486806,188.951703288122,0.2
20260317_143646_roarm_2_ep06,roarm,roarm_2,201,40,210,-160,130,208.312971928849,-160.166595215128,130.449050978758,0.2
20260317_143646_roarm_2_ep06,roarm,roarm_2,202,40.2,217.5,-136.666666666667,135,220.650875063485,-136.607315464546,135.571572581101,0.2
20260317_143646_roarm_2_ep06,roarm,roarm_2,203,40.4,225,-113.333333333333,140,226.801089227243,-112.570175375529,139.130238289262,0.2
20260317_143646_roarm_2_ep06,roarm,roarm_2,204,40.6,232.5,-90,145,232.258403168579,-90.9867374193951,145.706751835424,0.2
20260317_143646_roarm_2_ep06,roarm,roarm_2,205,40.8,240,-66.6666666666667,150,242.310475741596,-66.6995791363212,151.05476174338,0.2
20260317_143646_roarm_2_ep06,roarm,roarm_2,206,41,247.5,-43.3333333333333,155,246.454863266648,-43.0943812483389,154.823529864808,0.2
20260317_143646_roarm_2_ep06,roarm,roarm_2,207,41.2,255,-20,160,257.445388815618,-19.5590541154595,160.767713166125,0.2
20260317_143646_roarm_2_ep06,roarm,roarm_2,208,41.4,262.5,3.33333333333334,165,261.988220090059,2.38322937300246,165.394702974051,0.2
20260317_143646_roarm_2_ep06,roarm,roarm_2,209,41.6,270,26.6666666666667,170,268.772342105196,24.6240721422241,169.69788260596,0.2
20260317_143646_roarm_2_ep06,roarm,roarm_2,210,41.8,277.5,50,175,279.89876172084,49.4115183438346,175.220828440927,0.2
20260317_143646_roarm_2_ep06,roarm,roarm_2,211,42,285,73.3333333333333,180,284.109417206388,70.2577439479649,180.000427092957,0.2
20260317_143646_roarm_2_ep06,roarm,roarm_2,212,42.2,292.5,96.6666666666667,185,295.040489844531,96.1693742111622,183.849855437859,0.2
20260317_143646_roarm_2_ep06,roarm,roarm_2,213,42.4,300,120,190,298.513991663634,120.546284810424,189.579668705508,0.2
20260317_143646_roarm_2_ep06,roarm,roarm_2,214,42.6,300,120,190,301.475432528129,119.586352233197,187.914476114554,0.2
20260317_143646_roarm_2_ep06,roarm,roarm_2,215,42.8,298.333333333333,110,195,297.674126437632,111.06788670767,196.026476112471,0.2
20260317_143646_roarm_2_ep06,roarm,roarm_2,216,43,296.666666666667,100,200,298.594068530564,101.501080464103,201.073391346274,0.2
20260317_143646_roarm_2_ep06,roarm,roarm_2,217,43.2,295,90,205,297.841048749206,92.3016485705821,205.175588572868,0.2
20260317_143646_roarm_2_ep06,roarm,roarm_2,218,43.4,293.333333333333,80,210,292.619156677519,79.5803770995918,210.702630354737,0.2
20260317_143646_roarm_2_ep06,roarm,roarm_2,219,43.6,291.666666666667,70,215,293.478928918286,69.6286610440814,216.512670487494,0.2
20260317_143646_roarm_2_ep06,roarm,roarm_2,220,43.8,290,60,220,288.912579303012,59.3020033067632,219.613049123411,0.2
20260317_143646_roarm_2_ep06,roarm,roarm_2,221,44,288.333333333333,50,225,287.340407739015,51.3048519314452,224.812914097021,0.2
20260317_143646_roarm_2_ep06,roarm,roarm_2,222,44.2,286.666666666667,40,230,289.443972556009,39.9908072105029,231.866280254831,0.2
20260317_143646_roarm_2_ep06,roarm,roarm_2,223,44.4,285,30,235,281.355047358747,30.542725144863,235.283483479224,0.2
20260317_143646_roarm_2_ep06,roarm,roarm_2,224,44.6,283.333333333333,20,240,286.236116778433,20.3925859962613,241.779161551287,0.2
20260317_143646_roarm_2_ep06,roarm,roarm_2,225,44.8,281.666666666667,10,245,284.505770443343,9.06952634274771,243.809343350841,0.2
20260317_143646_roarm_2_ep06,roarm,roarm_2,226,45,280,0,250,281.287291020097,-1.22261549032941,249.842846805901,0.2
20260317_143646_roarm_2_ep06,roarm,roarm_2,227,45.2,280,0,250,279.143156827098,0.151215984857819,250.596424919007,0.2
20260317_143646_roarm_2_ep06,roarm,roarm_2,228,45.4,274.166666666667,-13.3333333333333,240,275.234972304121,-13.1298713362614,239.053091349853,0.2
20260317_143646_roarm_2_ep06,roarm,roarm_2,229,45.6,268.333333333333,-26.6666666666667,230,267.062941765131,-26.228212529133,227.815699012602,0.2
20260317_143646_roarm_2_ep06,roarm,roarm_2,230,45.8,262.5,-40,220,260.738332977088,-42.3486531896428,219.672053239793,0.2
20260317_143646_roarm_2_ep06,roarm,roarm_2,231,46,256.666666666667,-53.3333333333333,210,257.394498638157,-49.7862079863536,209.995873003148,0.2
20260317_143646_roarm_2_ep06,roarm,roarm_2,232,46.2,250.833333333333,-66.6666666666667,200,249.231875936273,-67.3469898858477,200.458221265527,0.2
20260317_143646_roarm_2_ep06,roarm,roarm_2,233,46.4,245,-80,190,246.532770237002,-80.6886121600723,189.995390151468,0.2
20260317_143646_roarm_2_ep06,roarm,roarm_2,234,46.6,239.166666666667,-93.3333333333333,180,240.945459235356,-92.9977242557118,180.080392146457,0.2
20260317_143646_roarm_2_ep06,roarm,roarm_2,235,46.8,233.333333333333,-106.666666666667,170,232.836731981916,-107.243608943887,171.058003564006,0.2
20260317_143646_roarm_2_ep06,roarm,roarm_2,236,47,227.5,-120,160,226.702510744841,-120.070905725445,158.966180657744,0.2
20260317_143646_roarm_2_ep06,roarm,roarm_2,237,47.2,221.666666666667,-133.333333333333,150,222.572284786063,-132.959569139379,150.441543759286,0.2
20260317_143646_roarm_2_ep06,roarm,roarm_2,238,47.4,215.833333333333,-146.666666666667,140,215.792944034087,-147.779814146441,139.914685034309,0.2
20260317_143646_roarm_2_ep06,roarm,roarm_2,239,47.6,210,-160,130,208.073836474598,-160.507893595032,132.307189740376,0.2
20260317_143646_roarm_2_ep06,roarm,roarm_2,240,47.8,210,-160,130,212.508469715345,-158.698336609041,130.438064361126,0.2
