Time_s,RL_SpeedFactor,RL_PulseFactor,RL_Thickness_um,Baseline_Thickness_um,Reward
0,0.999996364116669,0.500022649765015,500,500,-22.2205694805845
0.03,0.999996364116669,0.500022649765015,500,500,-19.7205876600011
0.06,0.999996781349182,0.50001984834671,500,500,-19.7205897461637
0.09,0.999997019767761,0.500018894672394,500,500,-19.720588852094
0.12,0.999996244907379,0.500025033950806,299.933457634499,500,-19.6601978727845
0.15,0.99999612569809,0.500027298927307,192.827357969201,500,-19.660194594529
0.18,0.9999960064888,0.500031411647797,137.34841078799,500,1.60496432667203
0.21,0.999995589256287,0.500037729740143,104.846671650352,419.353192620245,4.8551367503197
0.24,0.999995172023773,0.500046789646149,84.1665885413546,336.633226849132,10.3398039153549
0.27,0.999994337558746,0.500058591365814,70.2203011925079,280.846703912777,10.4577553208722
0.3,0.999993562698364,0.500075817108154,60.413567712184,241.616077982671,10.4577556188954
0.33,0.999992609024048,0.500099062919617,53.308942045434,213.191953326631,10.4577547248257
0.36,0.999991536140442,0.500129818916321,48.0579288629248,192.180191181142,4.97223634451045
0.39,0.999990224838257,0.500169575214386,44.1343603579762,176.475863884957,3.99134302618042
0.42,0.999989688396454,0.500201642513275,41.197856057891,164.723294529522,2.81842971222852
0.45,0.999988317489624,0.500257194042206,39.0268286473314,156.025233343104,2.21655702244349
0.48,0.999986886978149,0.500321924686432,37.4691892717165,149.778357048421,1.76500306009799
0.51,0.999984979629517,0.500390827655792,36.4231665126259,145.576686902123,1.43894034196091
0.54,0.999981641769409,0.500454485416412,35.8215722568951,143.153536155864,1.22222984975797
0.57,0.999978542327881,0.500479102134705,35.6215000904459,142.346545875912,1.71265985910837
0.6,0.999976813793182,0.500533998012543,35.8084055763621,143.07749506505,1.75939308512156
0.63,0.999977707862854,0.500519514083862,36.3741817348746,145.342468587678,1.90084129707482
0.66,0.999981462955475,0.500443577766418,37.3363641798171,149.210315538901,1.93763286581954
0.69,0.999984204769135,0.500364542007446,38.736082415565,154.828998932638,2.22301284780517
0.72,0.99998950958252,0.500211000442505,40.6278044504982,162.440962761425,2.7387203681069
0.75,0.999991297721863,0.500164687633514,43.1171950441999,172.410491553811,3.30197393507502
0.78,0.999992907047272,0.500126004219055,46.3292052718223,185.26881733855,4.04946860244299
0.81,0.999994218349457,0.500095009803772,50.4567483132911,201.787482781734,9.91577174580294
0.84,0.999995291233063,0.500070929527283,55.7829912664433,223.099265738442,9.86892343962514
0.87,0.999995291233063,0.500064194202423,62.7341636183446,250.90325980186,9.85969158779073
0.9,0.99999612569809,0.500047862529755,71.9638478500083,287.826723931064,9.82289168484563
0.93,0.999996781349182,0.500036001205444,84.5304355229354,338.096310046484,9.79140066056411
0.96,0.999997198581696,0.500027537345886,102.221601457992,408.862742380591,4.54308452679448
0.99,0.999997615814209,0.500021636486053,128.26202112544,500,1.91812171730444
1.02,0.999998152256012,0.500011205673218,168.971192184492,500,-19.8919203639254
1.05,0.999998271465302,0.500009477138519,238.21208216992,500,-19.8919182777629
1.08,0.999998390674591,0.500008404254913,371.573569001768,500,-19.8919182777629
1.11,0.999998390674591,0.5000079870224,500,500,-19.8919176817164
1.14,0.999998271465302,0.500008165836334,500,500,-19.8919182777629
1.17,0.99999862909317,0.500006854534149,500,500,-19.9303505428411
1.2,0.999998390674591,0.500008106231689,500,500,-19.9303499467946
1.23,0.999998688697815,0.500006496906281,500,500,-19.9303502448178
1.26,0.999998807907104,0.500005900859833,359.921594639567,500,-19.9303493507482
1.29,0.999998927116394,0.500006139278412,196.046497294071,500,-19.9303493507482
1.32,0.999998271465302,0.500011146068573,126.698175449275,500,2.59938422996718
1.35,0.999998092651367,0.500014305114746,90.9167183713634,363.655775570744,10.2692041590805
1.38,0.999997735023499,0.50001984834671,70.090994384616,280.352213464775,10.0614732817497
1.41,0.999997317790985,0.50002920627594,56.9777451320057,227.897057174461,10.0163656550376
1.44,0.999996781349182,0.500045001506805,48.2779866697747,193.093946082116,4.52954733944846
1.47,0.999994933605194,0.500090301036835,42.3161866248473,169.233325047919,2.85918034763176
1.5,0.999993562698364,0.500145137310028,38.1664909378138,152.620679084763,1.74388002154306
1.53,0.999991834163666,0.50023353099823,35.2921186659915,141.101418794941,0.937509661769725
1.56,0.999986886978149,0.500354290008545,33.3667279732898,133.370657955534,0.359277022777672
1.59,0.999979496002197,0.500495314598083,32.1889362141812,128.625684490782,-0.0402127993136834
1.62,0.999977231025696,0.500534057617188,31.6298225025556,126.381419376381,0.5201084626258
1.65,0.999968469142914,0.500679433345795,31.6362843755655,126.369428218775,0.402880203163062
1.68,0.999960422515869,0.500805497169495,32.173783148842,128.483053693643,0.413838034875248
1.71,0.999958455562592,0.500833690166473,33.2442920080665,132.750298333997,0.554729176693019
1.74,0.999958395957947,0.500833928585052,34.8909057524597,139.325441662144,0.837596557477634
1.77,0.999952912330627,0.500908195972443,37.1930374817664,148.495418710859,1.55331262198587
1.8,0.999961495399475,0.500783562660217,40.2395355138994,160.700107219616,2.18612604075464
1.83,0.999973297119141,0.500598430633545,44.1960230429694,176.568044074368,3.04846535841083
1.86,0.999981999397278,0.500448226928711,49.2878853129881,196.971416619152,4.19802598523753
1.89,0.999988079071045,0.500329971313477,55.8142341806079,223.107037447965,9.25725652682856
1.92,0.999992370605469,0.500198781490326,64.1795374551797,256.614170922001,9.91034300217199
1.95,0.999994874000549,0.500118613243103,74.9548825373566,299.746885374311,9.80422606352897
1.98,0.999996542930603,0.500066995620728,88.9199372660149,355.630868032976,9.70596551948977
2.01,0.999997735023499,0.500036776065826,107.172785971592,428.658644153972,3.89911890202396
2.04,0.999998509883881,0.500020146369934,131.28734076088,500,1.40746131090867
2.07,0.999998390674591,0.500012457370758,163.588037120596,500,-20.0532016564946
2.1,0.999998807907104,0.500007033348083,207.654124632399,500,-20.1134117714428
2.13,0.999999165534973,0.50000411272049,269.335284206317,500,-20.1634207432119
2.16,0.999999344348907,0.500002562999725,358.946420341592,500,-20.2034178942905
2.19,0.999999463558197,0.500001668930054,496.508903140329,500,-20.2338613048763
2.22,0.999999761581421,0.500000715255737,500,500,-20.3153426587967
2.25,0.999999761581421,0.500000596046448,500,500,-20.3292294024423
2.28,0.999999761581421,0.500000536441803,500,500,-20.3367615163965
2.31,0.999999761581421,0.500000536441803,500,500,-20.3396844356489
2.34,0.999999701976776,0.500000655651093,500,500,-20.3401216441203
2.37,0.999999701976776,0.500000596046448,500,500,-19.5893288056892
2.4,0.999999701976776,0.500000476837158,500,500,-19.5893288056892
2.43,0.999999761581421,0.500000417232513,500,500,-19.5893291037124
2.46,0.999999761581421,0.500000417232513,500,500,-19.5893288056892
2.49,0.999999701976776,0.500000536441803,500,500,-19.5893291037124
2.52,0.999999761581421,0.500000536441803,471.594677569846,500,-19.9092440610255
2.55,0.999999701976776,0.500000774860382,336.745550958261,500,-19.9092440610255
2.58,0.999999701976776,0.500001311302185,250.001951242106,500,-19.9092437630022
2.61,0.999999582767487,0.500002324581146,191.135138912265,500,-19.9092443590487
2.64,0.999999344348907,0.500004351139069,149.674856511979,500,-0.0972972014075267
2.67,0.999999165534973,0.50000786781311,119.681279620301,478.71718608713,2.9510044952891
2.7,0.999998807907104,0.500015199184418,97.5407851964063,390.150815726519,9.82956115875714
2.73,0.999998271465302,0.500029623508453,80.936582980564,323.72659248059,9.73129554832314
2.76,0.999997556209564,0.500057280063629,68.3255185022559,273.270100258567,9.62516877491373
2.79,0.999996542930603,0.500108957290649,58.6508305011691,234.55139879485,9.51215314538746
2.82,0.999996483325958,0.500136435031891,51.1673325398045,204.612777702195,9.41599275559343
2.85,0.999993443489075,0.50021368265152,45.3584122310862,181.35495453754,3.13216047431817
2.88,0.999988853931427,0.500320255756378,40.8446986056765,163.2723955424,1.87695784800472
2.91,0.999984323978424,0.500411093235016,37.351113886176,149.279377992395,0.874766374095974
2.94,0.999980390071869,0.500487685203552,34.6829143715266,138.59375671936,0.0782439266063837
2.97,0.999961912631989,0.500785350799561,32.7172708625193,130.658872890546,0.322003781034747
3,0.999965786933899,0.500728726387024,31.3195780018812,125.091710591743,-0.154112889792122
3.03,0.999971807003021,0.500632703304291,30.4518682593011,121.650102076383,-0.494471492158842
3.06,0.999978125095367,0.500525414943695,30.0859763393735,120.214947386417,-0.704757205440648
3.09,0.999983787536621,0.500421226024628,30.2224025804225,120.785894079321,-0.7836615063331
3.12,0.999992787837982,0.500229597091675,30.8872410526025,123.491366638009,-0.0535760069608729
3.15,0.999995470046997,0.500162065029144,32.1648131081825,128.61698098282,0.167583881031513
3.18,0.999996662139893,0.500106811523438,34.1727691054025,136.661426135677,0.580009926424706
3.21,0.999997556209564,0.500068783760071,37.1147566835005,148.438243650179,1.23530411271629
3.24,0.999998152256012,0.50004380941391,41.3189432566847,165.260987665399,2.21600339295233
3.27,0.99999862909317,0.500028789043427,47.3256003165607,189.291242722674,3.50818382469842
3.3,0.999998927116394,0.500018656253815,56.05946144982,224.229238662993,9.12677536983568
3.33,0.999999165534973,0.500012516975403,69.1991121982114,276.789288686453,9.08677762271054
3.36,0.999999344348907,0.500008761882782,90.0445947565845,360.171831308256,9.05633421212474
3.39,0.999999344348907,0.50000661611557,125.840071876709,500,1.45069140002398
3.42,0.999999225139618,0.500004291534424,195.198371172509,500,-19.8413735740311
3.45,0.999999225139618,0.50000387430191,359.078278558697,500,-19.8413729779846
3.48,0.999999165534973,0.500004053115845,500,500,-19.8413732760078
3.51,0.999999046325684,0.500004947185516,500,500,-19.8413735740311
3.54,0.999998688697815,0.50000661611557,500,500,-19.8413747661239
3.57,0.999998688697815,0.500006198883057,500,500,-19.8847520635782
3.6,0.999998688697815,0.500006198883057,500,500,-19.8847520635782
3.63,0.999998688697815,0.500006198883057,500,500,-19.8847520635782
3.66,0.999998688697815,0.500006258487701,500,500,-19.8847520635782
3.69,0.999998688697815,0.500006437301636,500,500,-19.8847520635782
3.72,0.999998509883881,0.500007569789886,500,500,-19.7352435073065
3.75,0.999998509883881,0.500007808208466,500,500,-19.7352426132368
3.78,0.999998509883881,0.500008106231689,500,500,-19.7352426132368
3.81,0.999998390674591,0.500008404254913,500,500,-19.7352432092833
3.84,0.999998390674591,0.500008761882782,464.646540423827,500,-19.7352426132368
3.87,0.999997198581696,0.500015437602997,416.06538992031,500,-19.6909264653082
3.9,0.999997079372406,0.500016093254089,379.253102831299,500,-19.6909211008902
3.93,0.999997079372406,0.500016748905182,351.160788291251,500,-19.6909205048437
3.96,0.999997019767761,0.500017404556274,329.757840300279,500,-19.690920802867
3.99,0.999997019767761,0.500018060207367,313.668524995257,500,-19.6909205048437
4.02,0.999996900558472,0.500018656253815,301.954821323949,500,-19.8222218286443
4.05,0.999996900558472,0.500019192695618,293.984961895601,500,-19.8222212325979
4.08,0.999996781349182,0.500019729137421,289.353696668786,500,-19.8222218286443
4.11,0.999996781349182,0.500020146369934,287.834359801213,500,-19.8222212325979
4.14,0.999996781349182,0.500020146369934,289.353938114795,500,-19.8222212325979
4.17,0.999997079372406,0.500016987323761,293.983612684517,500,-19.848270330647
4.2,0.999997198581696,0.500016570091248,301.953471527843,500,-19.8482694365773
4.23,0.999997198581696,0.500016152858734,313.667272399765,500,-19.8482688405309
4.26,0.999997317790985,0.500015676021576,329.756602068804,500,-19.8482694365773
4.29,0.999997437000275,0.500015199184418,351.159574340568,500,-19.8482694365773
4.32,0.999997973442078,0.500011563301086,379.249327868098,500,-19.7395358020472
4.35,0.999997973442078,0.500011146068573,416.061496522214,500,-19.7395331198382
4.38,0.999998092651367,0.50001072883606,464.648506744126,500,-19.7395337158847
4.41,0.999998092651367,0.500010311603546,500,500,-19.7395331198382
4.44,0.999998092651367,0.500009953975677,500,500,-19.7395331198382
4.47,0.99999862909317,0.500007092952728,500,500,-19.721861818771
4.5,0.99999862909317,0.500006914138794,500,500,-19.721859136562
4.53,0.999998688697815,0.500006675720215,500,500,-19.7218594345852
4.56,0.999998688697815,0.500006556510925,500,500,-19.721859136562
4.59,0.999998688697815,0.500006437301636,500,500,-19.721859136562
4.62,0.999998271465302,0.500008106231689,500,500,-19.7015572287276
4.65,0.999998271465302,0.500008165836334,500,500,-19.7015551425651
4.68,0.999998271465302,0.500008285045624,500,500,-19.7015551425651
4.71,0.999998271465302,0.500008165836334,500,500,-19.7015551425651
4.74,0.99999862909317,0.500006854534149,500,500,-19.7015569307044
4.77,0.999999046325684,0.500004649162292,381.142568404264,500,-19.7746154014688
4.8,0.999999046325684,0.500004887580872,206.708115386184,500,-19.7746133153062
4.83,0.999999046325684,0.500005781650543,132.68381234013,500,1.95700545068079
4.86,0.999998927116394,0.500007569789886,94.299495705224,377.191867604995,10.2253860886473
4.89,0.999998807907104,0.50001072883606,71.7746289520629,287.092013233862,10.2253860886473
4.92,0.999996542930603,0.500039219856262,57.4096551926189,229.619815581503,10.2826662951093
4.95,0.999995589256287,0.500062465667725,47.6867084913468,190.722165455158,4.50089239624561
4.98,0.999994397163391,0.500103175640106,40.8164195170091,163.231080374712,2.71711154372318
5.01,0.999992609024048,0.500174164772034,35.8061184915499,143.173543822315,1.3890507291865
5.04,0.999989807605743,0.500294208526611,32.0697258931183,128.202159766247,0.37065011756911
5.07,0.999991536140442,0.500259399414062,29.2301611497497,116.859028671953,-15.2234247589402
5.1,0.999984562397003,0.500406980514526,27.0731408989007,108.202818940148,-15.3233292347961
5.13,0.999973177909851,0.500612497329712,25.4337521696996,101.607810907507,-15.4297122865911
5.16,0.999960422515869,0.500818848609924,24.2030554236121,96.6501064995682,-15.5415359675302
5.19,0.999946117401123,0.501029968261719,23.3093360576074,93.040662501159,-15.6576983939917
5.22,0.999940693378448,0.501108109951019,22.6977426999803,90.5848303902419,-15.4955333726861
5.25,0.999935925006866,0.501173317432404,22.3431628482331,89.157704263617,-15.6167434911836
5.28,0.999932408332825,0.501221179962158,22.2280257016236,88.6894814540219,-15.7385905573891
5.31,0.999936699867249,0.501164376735687,22.3427469430777,89.157704263617,-15.8598078284439
5.34,0.999947428703308,0.501017570495605,22.693488849073,90.5848303902419,-15.9791437453221
5.37,0.999947667121887,0.501004695892334,23.3081241922297,93.0406625011594,-15.0541140378729
5.4,0.999962210655212,0.500789165496826,24.2015776513112,96.6501064995678,-15.1660023898494
5.43,0.99997466802597,0.500587344169617,25.4324363583561,101.607810907507,-15.2723529571115
5.46,0.999984979629517,0.500400543212891,27.0727813306136,108.202818940148,-15.3722204780866
5.49,0.999991297721863,0.500265777111053,29.2305407678046,116.859028671953,-15.4646803839577
5.52,0.999995172023773,0.500144958496094,32.0599867225533,128.202159766247,0.632871894570111
5.55,0.999996542930603,0.500088751316071,35.7998631384098,143.173543822313,1.49237093757022
5.58,0.999997556209564,0.50005429983139,40.8123015404616,163.231080374714,2.67927490937741
5.61,0.999998152256012,0.500033557415009,47.6838295427277,190.722165455158,4.34049485245721
5.64,0.99999862909317,0.500021278858185,57.4074756194217,229.619815581501,9.87247283827615
5.67,0.999998390674591,0.50001585483551,71.7753947167561,287.092013233866,10.3113773579845
5.7,0.99999862909317,0.500011086463928,94.3001870400363,377.191867604995,10.2827258702175
5.73,0.999998807907104,0.500008285045624,132.68450828694,500,1.99391256268964
5.76,0.999998927116394,0.500006794929504,206.708928548999,500,-19.7507069441628
5.79,0.999998927116394,0.500006198883057,381.143795158308,500,-19.7577950465922
5.82,0.999998807907104,0.500006794929504,500,500,-19.6842713126687
5.85,0.99999862909317,0.500008165836334,500,500,-19.6846828002261
5.88,0.999998092651367,0.500011563301086,500,500,-19.6850982330114
5.91,0.999998509883881,0.500009119510651,500,500,-19.6878656689879
5.94,0.99999862909317,0.500008344650269,370.190608631146,500,-19.6950030420908
5.97,0.999998807907104,0.500006496906281,200.937916205266,500,-19.5040762226226
6,0.999998807907104,0.500007688999176,129.150767132191,500,2.58084795822794
6.03,0.99999862909317,0.500010073184967,91.9599009079717,367.831688884784,10.4959237773774
6.06,0.999998390674591,0.500014364719391,70.1660465362945,280.655671385242,10.4959234793542
6.09,0.999998092651367,0.500021815299988,56.2934969499706,225.163734285765,10.4959231813309
6.12,0.999997615814209,0.500034391880035,46.9327018176409,187.717447773552,4.48521915773723
6.15,0.999997019767761,0.500056803226471,40.3451083056244,161.361620549976,2.77010819211531
6.18,0.9999960064888,0.500095963478088,35.5676050042488,142.242551678497,1.49796230209677
6.21,0.99999475479126,0.500163376331329,32.0318376926433,128.084826657717,0.527169597977206
6.24,0.999991297721863,0.500264048576355,29.3849865989938,117.476884322549,-15.0760807564427
6.27,0.999984741210938,0.500401258468628,27.3996731633896,109.5091373727,-15.1257983810702
6.3,0.999975562095642,0.500573039054871,25.9250725558658,103.579046328064,-15.235392804632
6.33,0.999964356422424,0.500758171081543,24.8587320912962,99.2808404242799,-15.3506052634579
6.36,0.999952375888824,0.500940799713135,24.1316534957543,96.3407423033769,-15.4702806532147
6.39,0.999948382377625,0.500998437404633,23.6929371955326,94.5779964711259,-15.5931566305408
6.42,0.999904274940491,0.501552224159241,23.5454530347771,93.8813467903568,-14.643730849173
6.45,0.999896228313446,0.501648128032684,23.6289203428339,94.195381222988,-14.8962338159229
6.48,0.999904811382294,0.501548111438751,23.954655436923,95.5137689888776,-15.0211081779321
6.51,0.999923050403595,0.501325309276581,24.5362427833813,97.8779817233053,-15.1440665469515
6.54,0.999940752983093,0.50109475851059,25.4022978538108,101.381195520542,-15.2637319284932
6.57,0.999969720840454,0.500668942928314,26.5808363683028,106.178071950923,-15.253750243662
6.6,0.999980449676514,0.500484526157379,28.1533855144085,112.502319793047,-15.3632387802558
6.63,0.999987781047821,0.500342905521393,30.194997530244,120.69573984485,-0.417373542991293
6.66,0.999993026256561,0.50022554397583,32.8289128491263,131.255527847642,0.145836675823293
6.69,0.999996244907379,0.500142812728882,36.2385566094591,144.9122914817,0.911408724173144
6.72,0.999997019767761,0.500113785266876,40.6999812397405,162.762399851168,2.01074150722586
6.75,0.999997854232788,0.500067591667175,46.631787026776,186.501535963772,3.42548106063004
6.78,0.999998390674591,0.500040769577026,54.7190401603826,218.857962905411,9.20915632614913
6.81,0.999998807907104,0.50002521276474,66.1153151311437,264.447610351413,9.16066693001875
6.84,0.999999165534973,0.500016331672668,82.9020040430399,331.596908392536,9.12188430875375
6.87,0.999999046325684,0.500006258487701,109.158690361834,436.628879767032,4.76006947600596
6.9,0.999999165534973,0.500004649162292,153.833586653163,500,-19.3240614878106
6.93,0.999999225139618,0.500003755092621,239.900097828041,500,-19.3240611897874
6.96,0.999999225139618,0.500003397464752,442.587253503212,500,-19.3240608917641
6.99,0.999999165534973,0.500003516674042,500,500,-19.3240611897874
7.02,0.999999165534973,0.500003457069397,500,500,-19.4586816650046
7.05,0.999998807907104,0.500004947185516,500,500,-19.458683453144
7.08,0.999999046325684,0.50000387430191,500,500,-19.4586828570975
7.11,0.999999165534973,0.500003516674042,430.991283014427,500,-19.4586822610511
7.14,0.999999225139618,0.500003635883331,234.958965274072,500,-19.4586819630278
7.17,0.999998927116394,0.500005781650543,152.050550722897,500,-19.3659812751435
7.2,0.999998807907104,0.500007450580597,109.320484870546,437.274902297685,4.70197113187157
7.23,0.99999862909317,0.500010430812836,84.4988736612725,337.987980306031,10.6340193209029
7.26,0.999998390674591,0.500015377998352,68.9212211787253,275.675962359222,10.6340190228797
7.29,0.999997973442078,0.500023722648621,58.6439645714443,234.564253933463,10.4069417845123
7.32,0.999997019767761,0.500039279460907,51.6656918301503,206.645917537081,10.6251517349514
7.35,0.99999612569809,0.500063180923462,46.8883070441175,187.528805052482,4.84722879400397
7.38,0.999995172023773,0.500101804733276,43.6773033973166,174.672805060677,3.80435103730203
7.41,0.999993860721588,0.500162243843079,41.6556300788011,166.567448287279,3.20066620316949
7.44,0.999991953372955,0.50024801492691,40.6007607478977,162.321220023832,2.83082001087166
7.47,0.999988973140717,0.500313758850098,40.3878590164538,161.448342967983,2.65430905325337
7.5,0.99998539686203,0.500383317470551,40.9717986721417,163.759257852253,2.68147974375932
7.53,0.999983370304108,0.500423729419708,42.3645932638012,169.31207000365,2.9062657023924
7.56,0.999982535839081,0.500439465045929,44.6415662835275,178.406339923384,3.34874844643124
7.59,0.999982535839081,0.500439584255219,47.9464551445674,191.614010195914,4.04617924195952
7.62,0.999984741210938,0.500397264957428,52.5055265659368,209.85216775575,9.42630977939281
7.65,0.999987423419952,0.500342726707458,58.6691702642541,234.512981902664,9.29751180315019
7.68,0.999991297721863,0.500261723995209,66.9560195866101,267.68163025539,9.17073937132851
7.71,0.999994099140167,0.500195980072021,78.1559700475485,312.499548072621,9.04732429786091
7.74,0.99999612569809,0.500144481658936,93.4723070464755,373.779770983375,8.92851692897902
7.77,0.999995827674866,0.50009685754776,114.792319334291,459.078431111515,3.81547813935226
7.8,0.999997198581696,0.500057816505432,145.174028900267,500,0.671175938996951
7.83,0.999998092651367,0.500033140182495,189.75512565489,500,-19.9096835031549
7.86,0.999998688697815,0.500018179416656,216.583703610146,500,-19.9992524175312
7.89,0.999999165534973,0.500009953975677,241.872145857305,500,-20.0794560198338
7.92,0.999999463558197,0.500004887580872,275.753737844593,500,-20.25126069088
7.95,0.999999701976776,0.50000274181366,322.19422707201,500,-20.3114690176889
7.98,0.999999761581421,0.500001609325409,387.904609034234,500,-20.3614773934115
8.01,0.999999761581421,0.500001013278961,484.993780315143,500,-20.4014751405366
8.04,0.99999988079071,0.500000655651093,500,500,-20.4319194451921
8.07,0.999999761581421,0.500000357627869,500,500,-19.3289888974946
8.1,0.999999761581421,0.500000298023224,500,500,-19.3289883014481
8.13,0.999999761581421,0.500000238418579,500,500,-19.3289883014481
8.16,0.999999761581421,0.500000238418579,500,500,-19.3289883014481
8.19,0.999999761581421,0.500000357627869,500,500,-19.3289883014481
8.22,0.999999701976776,0.500000417232513,500,500,-19.4249310600467
8.25,0.999999761581421,0.500000357627869,500,500,-19.4249310600467
8.28,0.999999761581421,0.500000298023224,500,500,-19.4249307620235
8.31,0.999999761581421,0.500000298023224,500,500,-19.4249307620235
8.34,0.999999761581421,0.500000417232513,500,500,-19.4249307620235
8.37,0.99999988079071,0.500000298023224,500,500,-19.3647438071765
8.4,0.999999761581421,0.500000476837158,484.993259974321,500,-19.3647438071765
8.43,0.999999761581421,0.500000774860382,387.903961650658,500,-19.36474321113
8.46,0.999999701976776,0.500001311302185,322.193305271939,500,-19.5913797890066
8.49,0.999999582767487,0.500002443790436,275.752357216813,500,-19.6617289402059
8.52,0.999999046325684,0.500007510185242,241.870992544486,500,-19.2824529836381
8.55,0.99999862909317,0.50001448392868,208.166168422928,500,-19.5225789345701
8.58,0.999998092651367,0.500028252601624,156.77852040993,500,-19.6208442469809
8.61,0.999997198581696,0.500054597854614,122.2325902681,488.87560825517,3.04976905873002
8.64,0.99999612569809,0.50009685754776,98.2576479548104,392.952948182177,10.1600130520602
8.67,0.999996244907379,0.500083386898041,81.1695239294511,324.62273795518,10.5058135929346
8.7,0.999994933605194,0.5001420378685,68.7545511543469,274.938707850522,10.5058076324702
8.73,0.999992907047272,0.500224947929382,59.5939153360774,238.266775321514,10.2299292092063
8.76,0.999989032745361,0.500310897827148,52.7733849866954,210.960050787367,10.101125559749
8.79,0.99998527765274,0.50038743019104,47.6895570235803,190.607725310583,4.39404047597851
8.82,0.999981224536896,0.500462114810944,43.9403033272283,175.595622634825,3.63753299882365
8.85,0.999983131885529,0.50042724609375,41.2466686651973,164.843034561478,2.83736859079475
8.88,0.999985635280609,0.500382423400879,39.441607570504,157.643590815263,2.26267989900356
8.91,0.999988496303558,0.500324428081512,38.4180698709581,153.57086628153,1.88798244279394
8.94,0.999991536140442,0.500260055065155,38.1270605784084,152.427672328772,1.70221508617671
8.97,0.999992489814758,0.500238120555878,38.5759371804757,154.229139615251,1.69867692423562
9,0.999994874000549,0.500180542469025,39.8190824993676,159.218022317366,1.9111913850369
9.03,0.999996662139893,0.500129401683807,41.9908236869585,167.919276035727,2.36455925767446
9.06,0.999997615814209,0.500084221363068,45.3211520721647,181.25364521435,3.1169413279521
9.09,0.999998271465302,0.500053644180298,50.1938914137478,200.753680074241,9.21630594685091
9.12,0.999998688697815,0.50003308057785,57.2479599711912,228.976390264657,9.19504451727537
9.15,0.999999046325684,0.500021457672119,67.5847278497985,270.327052405406,9.14503554550635
9.18,0.999999225139618,0.500014364719391,83.2082069742535,332.823008179803,9.10503839442765
9.21,0.999999344348907,0.500010073184967,108.064081804782,432.247335595068,3.26818680336367
9.24,0.999999463558197,0.500007569789886,150.818623152681,500,-20.9470415346576
9.27,0.999999582767487,0.500005185604095,233.743541023703,500,-20.9464423759427
9.3,0.999999582767487,0.500004708766937,429.785743653356,500,-20.9539738938504
9.33,0.999999582767487,0.500004887580872,500,500,-20.9568968131028
9.36,0.999999463558197,0.500005960464478,500,500,-20.9573343195975
9.39,0.999999225139618,0.500008344650269,500,500,-20.9575477495575
9.42,0.999999463558197,0.50000673532486,500,500,-20.7850382077851
9.45,0.999999582767487,0.500005662441254,227.92626886165,500,-20.7888176379956
9.48,0.999999582767487,0.500006318092346,123.30447187706,493.211449410736,1.87345168845946
9.51,0.999999582767487,0.500008761882782,78.8413617765646,315.359789234525,9.1917510380086
9.54,0.999999463558197,0.500014901161194,55.729790305554,222.9123983319,9.17304686057912
9.57,0.999999225139618,0.500027537345886,42.1185590199051,168.464827387166,1.92538599687794
9.6,0.999998807907104,0.500062048435211,33.3938769727175,133.558774430532,-0.294148399704526
9.63,0.999996900558472,0.500127673149109,27.4508332373268,109.774961990116,-16.194562420807
9.66,0.999992370605469,0.500247240066528,23.216347708845,92.8187852833781,-16.2625111413196
9.69,0.99998527765274,0.500405311584473,20.0938805277377,80.3092382653848,-16.3484560598211
9.72,0.999955773353577,0.500900149345398,17.7423011025957,70.8385351583687,-14.5892917490261
9.75,0.99992448091507,0.50134140253067,15.9265529495668,63.5309595835252,-14.9423520931805
9.78,0.999891221523285,0.50176203250885,14.5073474986977,57.8193186080886,-15.1418349844371
9.81,0.999846279621124,0.502280950546265,13.3939791733382,53.3244202521334,-15.3543135527101
9.84,0.999792039394379,0.502857804298401,12.5204311038967,49.7867478259659,-15.5776763736925
9.87,0.999702572822571,0.50371241569519,11.8473492048044,47.0261407586086,-15.2761229960852
9.9,0.999650180339813,0.504199087619781,11.3275892696216,44.9172834074294,-15.5142065159496
9.93,0.999603092670441,0.504624605178833,10.9482799527594,43.3745575934476,-15.756262795542
9.96,0.999598681926727,0.504675567150116,10.688962586669,42.3427390120525,-15.9994102544109
9.99,0.999625086784363,0.504458010196686,10.545005334508,41.7915927969473,-16.2416030286399
10.02,0.999599575996399,0.504665017127991,10.5298471374871,41.7133360811872,-15.7045418901633
10.05,0.999683916568756,0.503922522068024,10.6166013373911,42.1225293208054,-15.9368148637206
10.08,0.999762415885925,0.503184616565704,10.835744018546,43.0584292971461,-16.1601013947324
10.11,0.999833345413208,0.502461314201355,11.2043249577721,44.5903292014906,-16.3724832861722
10.14,0.999890446662903,0.501811265945435,11.7504660545954,46.8270824079276,-16.5718868976659
10.17,0.999889492988586,0.50180584192276,12.5297458182397,49.9331021953466,-15.793694662284
10.2,0.999931454658508,0.501272022724152,13.5741537395594,54.1551200914524,-15.962149706407
10.23,0.999957323074341,0.500896334648132,14.9944386612116,59.8678716832708,-16.1127488340367
10.26,0.999980926513672,0.500494360923767,16.9307849585314,67.6549561844703,-16.2449142215092
10.29,0.999992370605469,0.500249922275543,19.6247145870559,78.4590421247735,-16.3579847339578
10.32,0.999998152256012,0.50008362531662,23.47359015914,93.878485907604,-15.4935948334911
10.35,0.999998927116394,0.50003719329834,29.2021545565325,116.799804564124,-15.5686995433128
10.38,0.999999225139618,0.500018358230591,38.2226748375754,152.884967486382,1.42978149733619
10.41,0.999999463558197,0.500010371208191,53.6386156777601,214.549897331752,9.33346507612017
10.44,0.999999582767487,0.500007033348083,83.4219895063744,333.683124980897,9.30737316832486
10.47,0.999999582767487,0.500003218650818,153.677248255689,500,-19.7298701619974
10.5,0.999999463558197,0.500003457069397,395.87276970583,500,-19.7298707580438
10.53,0.999999225139618,0.500005185604095,500,500,-19.6575328116773
0,0.999999046325684,0.500007152557373,500,500,-19.4169508587906
0.03,0.999998927116394,0.500007808208466,500,500,-19.4169505607674
0.06,0.999999165534973,0.50000673532486,500,500,-19.4169511568139
0.09,0.999999165534973,0.500006258487701,360.542188716252,500,-19.416949964721
0.12,0.999999165534973,0.50000661611557,195.725956756244,500,-19.5487558208244
0.15,0.999999165534973,0.500007629394531,125.825146229295,500,2.86872955624612
0.18,0.999999165534973,0.500009477138519,89.6163213666159,358.458192023841,10.4512441791756
0.21,0.999999046325684,0.500012636184692,68.4023901638136,273.602385140302,10.4512435831292
0.24,0.999998807907104,0.500017702579498,54.9031767228126,219.604669954246,10.4512429870827
0.27,0.999997556209564,0.500043272972107,45.7999945878902,183.183676844929,4.62120560530271
0.3,0.999997019767761,0.50006502866745,39.3968817560304,157.56656468922,3.02043097361646
0.33,0.999996244907379,0.500099301338196,34.7572680588111,139.00094420866,1.65153619224518
0.36,0.999995291233063,0.500152587890625,31.3275839521958,125.271515918878,0.722328685055935
0.39,0.999993026256561,0.500225305557251,28.7642392550492,115.004332412097,-14.6883274426046
0.42,0.999991655349731,0.500259637832642,26.8427551559655,107.314398894365,-14.9697024153561
0.45,0.999986827373505,0.500364422798157,25.4228170654123,101.615866443781,-15.0602941077673
0.48,0.999980449676514,0.500486969947815,24.4028868185492,97.5146655137187,-15.1555223125036
0.51,0.999973475933075,0.500611543655396,23.7159651784482,94.7454625653837,-15.2544397563565
0.54,0.999967038631439,0.500720143318176,23.3177430331118,93.1337584858181,-15.3560331933498
0.57,0.999963402748108,0.500770807266235,23.1797888041772,92.5730499912485,-14.6940492350821
0.6,0.999957323074341,0.500863909721375,23.2940773937005,93.0116258009046,-14.9010477881851
0.63,0.999959766864777,0.500827550888062,23.6515590403395,94.446111928265,-15.0042519528386
0.66,0.999968886375427,0.50068473815918,24.2640404509123,96.9204118259071,-15.1058814506413
0.69,0.999977231025696,0.500544190406799,25.1603698134454,100.529773074317,-15.2047920399606
0.72,0.999989569187164,0.500302791595459,26.3739126391479,105.430703089608,-14.7948587635815
0.75,0.999993324279785,0.500218331813812,27.977061739801,111.85865528486,-14.7948158482372
0.78,0.999995708465576,0.500152468681335,30.0485909645743,120.15720761805,0.00900586184458893
0.81,0.999996900558472,0.500100493431091,32.7130582275003,130.82553312776,0.596375449367234
0.84,0.999997615814209,0.500065207481384,36.1539645665239,144.596655907525,1.38481904055034
0.87,0.999998509883881,0.500035285949707,40.6454728941599,162.570176424604,2.63375945594835
0.9,0.999998927116394,0.500022768974304,46.6137882045692,186.446462384178,4.06946014498818
0.93,0.999999165534973,0.500014841556549,54.7419397201671,218.961076713327,9.86776025552006
0.96,0.999999344348907,0.500009953975677,66.1868947524069,264.742134954044,9.82768100725132
0.99,0.999999463558197,0.500006914138794,83.0356819653053,332.137956790113,9.7956251744526
1.02,0.999999463558197,0.500004351139069,109.379625693213,437.514460697113,4.37990364416768
1.05,0.999999582767487,0.500003397464752,154.18869737769,500,-19.6821343825574
1.08,0.999999582767487,0.500002861022949,240.497800881186,500,-19.682133786511
1.11,0.999999582767487,0.50000262260437,443.733884669655,500,-19.682133786511
1.14,0.999999582767487,0.500002682209015,500,500,-19.8637740293361
1.17,0.999999582767487,0.500002264976501,500,500,-19.9245732489458
1.2,0.999999463558197,0.500003039836884,500,500,-19.9247269552481
1.23,0.999999582767487,0.500002384185791,500,500,-19.9257747725409
1.26,0.999999701976776,0.500002205371857,356.925835233526,500,-19.9286594098744
1.29,0.999999701976776,0.500002264976501,194.407666815335,500,-19.9346397394222
1.32,0.999999225139618,0.500006079673767,125.631589716905,500,2.52476660333815
1.35,0.999999165534973,0.500007808208466,90.1437528572833,360.569079744815,10.069938312713
1.38,0.999999046325684,0.500010788440704,69.4871223101138,277.942227041649,10.0425820217791
1.41,0.999998807907104,0.50001585483551,56.4784143337069,225.906224612698,10.0041691848365
1.44,0.99999862909317,0.500024378299713,47.845787597199,191.373557296454,4.41530841951079
1.47,0.999998688697815,0.500028789043427,41.9248719626337,167.689612698746,3.02899939891509
1.5,0.999998271465302,0.500046193599701,37.8009687010727,151.189645455225,1.92425872668724
1.53,0.999997854232788,0.500074207782745,34.9392163909409,139.735826706324,1.12433698871024
1.56,0.999997079372406,0.500116646289825,33.0159611262569,132.032656556673,0.549272654902564
1.59,0.999995291233063,0.50017112493515,31.8315894531167,127.282195947268,0.150234534642188
1.62,0.999993801116943,0.500208735466003,31.2634617518822,125.000887576317,-0.153988699810245
1.65,0.999991714954376,0.500257730484009,31.2461486008038,124.919167944915,-0.275079866856752
1.68,0.999989688396454,0.500303566455841,31.751272242084,126.926717954368,-0.270551922109201
1.71,0.999988615512848,0.5003262758255,32.7830236346795,131.045087978557,-0.138009664561388
1.74,0.999988496303558,0.500328719615936,34.3776536396745,137.418688241488,0.132984930101767
1.77,0.999981880187988,0.500453531742096,36.6138698073404,146.320103860395,1.58611246925663
1.8,0.999984979629517,0.500395178794861,39.5740319159251,158.168740132996,2.19737498771619
1.83,0.999989807605743,0.500297546386719,43.4172860263615,173.564087266998,3.03141340129459
1.86,0.99999326467514,0.500218033790588,48.3556776223652,193.33709968326,4.14259771694404
1.89,0.999995708465576,0.500156164169312,54.6737767033172,218.62588521618,9.43487213456374
1.92,0.999998152256012,0.500084161758423,62.7571366454291,250.985835926647,9.33165825495759
1.95,0.999998807907104,0.500050485134125,73.145178919784,292.550827960168,9.22554131631457
1.98,0.999999165534973,0.500029504299164,86.5736609051086,346.27392151092,9.12727809006636
2.01,0.999999463558197,0.500016272068024,104.078242403587,416.299198188925,3.62988374323851
2.04,0.999999701976776,0.500008881092072,127.143530155048,500,1.24315106776652
2.07,0.999999701976776,0.500002562999725,157.962113773174,500,-20.0207064939281
2.1,0.999999761581421,0.500001430511475,199.92074001542,500,-20.0809154167835
2.13,0.99999988079071,0.500000834465027,258.561698319454,500,-20.130924984599
2.16,0.99999988079071,0.500000536441803,343.683126407838,500,-20.1709224337009
2.19,0.99999988079071,0.500000357627869,474.331448981628,500,-20.2013661423099
2.22,0.99999988079071,0.500000238418579,500,500,-20.1832438704477
2.25,0.99999988079071,0.500000178813934,500,500,-20.1971321042093
2.28,0.99999988079071,0.500000178813934,500,500,-20.2046642181636
2.31,0.99999988079071,0.500000178813934,500,500,-20.207587137416
2.34,0.99999988079071,0.500000238418579,500,500,-20.2080240478642
2.37,0.99999988079071,0.500000178813934,500,500,-19.6100395931066
2.4,0.99999988079071,0.50000011920929,500,500,-19.6100395931066
2.43,0.99999988079071,0.50000011920929,500,500,-19.6100395931066
2.46,0.99999988079071,0.50000011920929,500,500,-19.6100395931066
2.49,0.99999988079071,0.500000178813934,500,500,-19.6100395931066
2.52,1,0.500000178813934,451.542941507046,500,-19.7617084969494
2.55,0.99999988079071,0.500000238418579,323.277456858876,500,-19.7617084969494
2.58,0.99999988079071,0.500000357627869,240.69388772154,500,-19.7617079009029
2.61,0.99999988079071,0.500000655651093,184.565071909849,500,-19.9778904049738
2.64,0.99999988079071,0.500001192092896,144.95312736516,500,0.456448005334049
2.67,0.999999761581421,0.500002324581146,116.229170628787,464.914410207826,3.37708234107489
2.7,0.999999701976776,0.500004470348358,94.9722825188398,379.885620417457,9.99999970197678
2.73,0.999999582767487,0.500008642673492,78.9901111853012,315.954851522994,9.73196576972231
2.76,0.999999344348907,0.500016748905182,66.82139453088,267.276449701612,9.62583929433613
2.79,0.999999046325684,0.500031888484955,57.4638154662804,229.840384134799,9.51282485690276
2.82,0.999996662139893,0.500130891799927,50.2226791544113,200.837470116624,9.59319520584836
2.85,0.999994397163391,0.500191807746887,44.5847360160496,178.269557895757,3.11595936802158
2.88,0.999991714954376,0.500254929065704,40.1959440071052,160.700509466028,1.8919928082657
2.91,0.999988496303558,0.500327467918396,36.7976520827254,147.092578893581,0.913621552904916
2.94,0.999985098838806,0.500397503376007,34.2019326244131,136.69701685223,0.135215245197664
2.97,0.999992072582245,0.500250935554504,32.2615705038441,128.980527411257,0.259251567610415
3,0.999993145465851,0.500226199626923,30.9083020191963,123.576454732825,-0.205802520609579
3.03,0.999994397163391,0.500194013118744,30.0753345490296,120.25400245926,-0.537465720106543
3.06,0.999995708465576,0.500158965587616,29.7350220681916,118.901775256139,-15.675110898571
3.09,0.999997019767761,0.500122785568237,29.8884999378103,119.524291736399,-15.7881250379811
3.12,0.999998390674591,0.500075399875641,30.5677771758925,122.25247628655,-0.150107001900194
3.15,0.999998807907104,0.500051319599152,31.8463599079168,127.372214394418,0.0712787331131444
3.18,0.999999165534973,0.500033795833588,33.8473241249174,135.380032959907,0.48194968089412
3.21,0.999999344348907,0.500021755695343,36.7726790324126,147.084219850508,1.13308510348853
3.24,0.999999582767487,0.500013828277588,40.9482943560959,163.788579256665,2.10663978321001
3.27,0.999999701976776,0.500008761882782,46.9102504248176,187.63765765957,3.8347854114301
3.3,0.999999761581421,0.500005662441254,55.5760679118446,222.301701105264,9.55721383345669
3.33,0.999999761581421,0.500003814697266,68.6105178511527,274.439912162157,9.51721608633155
3.36,0.999999761581421,0.500002682209015,89.2864375302652,357.143749102512,9.48677237772253
3.39,0.99999988079071,0.500002026557922,124.787976014758,499.14982144344,1.98633766170075
3.42,0.999999761581421,0.500001311302185,193.574009687028,500,-19.8652905373014
3.45,0.999999761581421,0.500001192092896,356.097311941401,500,-19.8652899412549
3.48,0.999999761581421,0.50000125169754,500,500,-19.8652899412549
3.51,0.999999761581421,0.500001549720764,500,500,-19.8652899412549
3.54,0.999999701976776,0.500002145767212,500,500,-19.8652902392782
3.57,0.999999761581421,0.500001311302185,500,500,-19.8213561174367
3.6,0.999999761581421,0.50000125169754,500,500,-19.8213558194135
3.63,0.999999761581421,0.50000125169754,494.680682718184,500,-19.8213558194135
3.66,0.999999761581421,0.50000137090683,317.529948135332,500,-19.8213558194135
3.69,0.999999761581421,0.500001490116119,225.670411025957,500,-19.8213558194135
3.72,0.999999165534973,0.500006139278412,171.766199724816,500,-19.5677291506019
3.75,0.999999165534973,0.500007271766663,137.381085566656,500,1.69416527296473
3.78,0.999999046325684,0.500008881092072,114.109078616032,456.427772018405,4.02136537198061
3.81,0.999998927116394,0.500010907649994,97.661568867056,390.637334479601,10.4322732335838
3.84,0.999998807907104,0.500013530254364,85.6615534524272,342.636533424688,10.4322732335838
3.87,0.999999344348907,0.500006556510925,76.7029774504676,306.807685464423,10.3724919411912
3.9,0.999999344348907,0.500008165836334,69.9166403065238,279.661810517262,10.3724946234002
3.93,0.999999225139618,0.500010073184967,64.7378933249933,258.94615582361,10.3724940273538
3.96,0.999999165534973,0.500012397766113,60.792377324504,243.163277018693,10.372494325377
3.99,0.999999046325684,0.500015079975128,57.8264791758152,231.298720154854,10.3724940273538
4.02,0.999997735023499,0.500040411949158,55.6698151467529,222.660759913101,10.1501998035744
4.05,0.999997615814209,0.500047326087952,54.2011520198622,216.78357214018,10.1007668402096
4.08,0.999997437000275,0.500054240226746,53.347982702834,213.3682376047,10.0505362612842
4.11,0.999997317790985,0.500060737133026,53.0685149193474,212.247707679481,10.0000410951742
4.14,0.999997317790985,0.500061273574829,53.3487394109812,213.3682376047,9.94981141031847
4.17,0.999998807907104,0.500018417835236,54.1979539860976,216.78357214018,10.1558315455289
4.2,0.999999046325684,0.500016331672668,55.6670612778453,222.660759913101,10.1558378040166
4.23,0.999999165534973,0.500014185905457,57.8263688836843,231.298720154854,10.155838400063
4.26,0.999999225139618,0.500012099742889,60.7923374668132,243.163277018693,10.1558386980862
4.29,0.999999344348907,0.500010132789612,64.7378933248318,258.94615582361,9.97589820913395
4.32,0.999999344348907,0.500008821487427,69.9167319868695,279.661810517261,10.409872209433
4.35,0.999999344348907,0.500007212162018,76.7030780299309,306.807685464424,10.409872209433
4.38,0.999999463558197,0.500005900859833,85.6601902329331,342.63653342459,10.4098716133865
4.41,0.999999582767487,0.500004827976227,97.6603173608743,390.63733447973,10.4098716133865
4.44,0.999999582767487,0.500003933906555,114.107888386223,456.4277720184,3.80224260879049
4.47,0.999999165534973,0.50000673532486,137.380938174886,500,1.59437920835544
4.5,0.999999225139618,0.500005662441254,171.766025679753,500,-19.6675251860167
4.53,0.999999344348907,0.500004887580872,225.672038593653,500,-19.6675254840399
4.56,0.999999344348907,0.500004351139069,317.531973240815,500,-19.6675248879934
4.59,0.999999344348907,0.5000039935112,494.683601754031,500,-19.6675248879934
4.62,0.999999701976776,0.500001668930054,500,500,-19.6714658536808
4.65,0.999999701976776,0.500001668930054,500,500,-19.6714640655415
4.68,0.999999701976776,0.500001788139343,500,500,-19.6714640655415
4.71,0.999999701976776,0.500002086162567,500,500,-19.6714640655415
4.74,0.999999701976776,0.500001907348633,500,500,-19.6714640655415
4.77,0.999999701976776,0.500001728534698,500,500,-19.6944639085303
4.8,0.999999701976776,0.500001728534698,494.392340100506,500,-19.6944639085303
4.83,0.999999701976776,0.500001847743988,317.344864262697,500,-19.6944639085303
4.86,0.999999701976776,0.500002086162567,225.538924596048,500,-19.6944639085303
4.89,0.999999701976776,0.500002443790436,171.664544755391,500,-19.6944639085303
4.92,0.999999582767487,0.500003755092621,137.299845926591,500,1.680061036102
4.95,0.999999463558197,0.500004529953003,114.041410441788,456.161264282654,4.00590458458235
4.98,0.999999463558197,0.500005543231964,97.603444852281,390.409241716877,10.4100462248076
5.01,0.999999344348907,0.500006914138794,85.6103570279881,342.436468283316,10.4100456287611
5.04,0.999999225139618,0.500008642673492,76.6585196330405,306.62854075284,10.4100456287611
5.07,0.999999463558197,0.500007927417755,69.8757743990286,279.498516255968,10.1565812156431
5.1,0.999999344348907,0.500009834766388,64.7000543678842,258.794957412994,10.1151685375768
5.13,0.999999225139618,0.500012099742889,60.756840879618,243.021294215843,10.0710672725212
5.16,0.999999165534973,0.500014662742615,57.7926592364389,231.163665055299,10.0247041141255
5.19,0.999999165534973,0.500017523765564,55.634683341082,222.530748510202,9.9765423195742
5.22,0.999998927116394,0.500018417835236,54.1663013959181,216.656992421547,10.3849488901062
5.25,0.999998807907104,0.50002110004425,53.3132263037169,213.243652096603,10.3849494861527
5.28,0.999998688697815,0.500023603439331,53.0335170802455,212.123776447739,10.3849494861527
5.31,0.999998807907104,0.50002384185791,53.3135186412435,213.2436520966,10.1844388124865
5.34,0.999998927116394,0.500021636486053,54.1666500678961,216.656992421551,10.1349710044609
5.37,0.999999225139618,0.500010967254639,55.6339505117867,222.530748510203,10.2377905349581
5.4,0.999999344348907,0.500009536743164,57.7920564295009,231.163665055299,10.2377914290278
5.43,0.999999463558197,0.500008106231689,60.7563411396588,243.021294215838,10.2377914290278
5.46,0.999999463558197,0.500006794929504,64.699653307596,258.794957413006,10.2377920250742
5.49,0.999999582767487,0.500005662441254,69.8754495402643,279.498516255962,10.2377914290278
5.52,0.999999463558197,0.500006437301636,76.6581632410557,306.628540752836,10.1381518137856
5.55,0.999999463558197,0.50000524520874,85.6100610710223,342.436468283314,10.138152409832
5.58,0.999999582767487,0.500004291534424,97.6031888797937,390.409241716879,10.1381518137856
5.61,0.999999582767487,0.500003516674042,114.041165737584,456.161264282654,3.73403583607362
5.64,0.999999701976776,0.500002920627594,137.299600417111,500,1.40819177207451
5.67,0.999999701976776,0.500002682209015,171.664626610968,500,-19.8599138129535
5.7,0.999999701976776,0.500002324581146,225.53903214104,500,-19.8599138129535
5.73,0.999999701976776,0.500002026557922,317.344977753407,500,-19.8599138129535
5.76,0.999999701976776,0.500001907348633,494.392516908348,500,-19.8599138129535
5.79,0.999999701976776,0.500001788139343,500,500,-20.0409139275893
5.82,0.999999761581421,0.500001192092896,500,500,-20.1187416183425
5.85,0.999999761581421,0.500001311302185,500,500,-20.1189118149457
5.88,0.999999761581421,0.500001490116119,500,500,-20.1192526051337
5.91,0.999999761581421,0.50000125169754,500,500,-20.1215324871239
5.94,0.999999761581421,0.500001132488251,455.996538427279,500,-20.127407584962
5.97,0.999999761581421,0.500001072883606,247.304123739864,500,-19.8860571210527
6,0.999999761581421,0.50000125169754,158.741745309941,500,-19.8860571210527
6.03,0.999999761581421,0.500001549720764,112.818737044686,451.273441890767,3.83206917447861
6.06,0.999999761581421,0.500002086162567,85.8698075974469,343.477715397252,10.1139428789473
6.09,0.999999761581421,0.500002980232239,68.6798786903595,274.717811817443,10.1139428789473
6.12,0.999999463558197,0.50000661611557,57.0459230981012,228.180550647346,10.352917449359
6.15,0.999999344348907,0.500010073184967,48.8235498344394,195.29013690556,5.05880580203851
6.18,0.999999225139618,0.500015497207642,42.8246709999483,171.293242133348,3.35565259962793
6.21,0.999999046325684,0.500024139881134,38.3472466070026,153.381434925659,2.16642108116831
6.24,0.999998807907104,0.500037550926208,34.9552866916058,139.810480060588,1.24177312809901
6.27,0.999997973442078,0.500058472156525,32.3673917487115,129.454165688792,0.936534700619173
6.3,0.999997556209564,0.500088334083557,30.3964131479938,121.563878994431,0.443792136602318
6.33,0.999996781349182,0.500128388404846,28.9156327769643,115.63246709456,-14.8374702132244
6.36,0.999995052814484,0.500174522399902,27.8383805876616,111.314117850133,-14.9337569865953
6.39,0.999992907047272,0.50022953748703,27.1066187394755,108.375953206134,-15.0326513654193
6.42,0.999993562698364,0.500212490558624,26.6786386114152,106.668535378545,-14.7701409499251
6.45,0.999991714954376,0.500258326530457,26.5410132583084,106.10835225423,-14.7701469103896
6.48,0.999991655349731,0.500260353088379,26.6812422315806,106.668535378545,-15.0167162511612
6.51,0.999993443489075,0.500217437744141,27.105948533373,108.375953206133,-15.1156166430096
6.54,0.999995172023773,0.500174343585968,27.8383673167458,111.314117850131,-15.2118980550167
6.57,0.99999612569809,0.500146150588989,28.91667868217,115.632467094562,-15.2951615430286
6.6,0.999997437000275,0.500109255313873,30.3976884077509,121.563878994425,-0.283905012030032
6.63,0.999998271465302,0.500079452991486,32.3687401330522,129.454165688799,0.126070112657881
6.66,0.999998688697815,0.500054478645325,34.9564741964266,139.810480060591,0.696348103546173
6.69,0.999999046325684,0.500036656856537,38.3482065437413,153.381434925656,1.47440641530944
6.72,0.999999225139618,0.500017583370209,42.8248496728622,171.29324213335,3.39488980484768
6.75,0.999999344348907,0.500011682510376,48.8237069772298,195.29013690555,4.83972430710775
6.78,0.999999582767487,0.50000786781311,57.046059104272,228.18055064735,10.0868273785043
6.81,0.999999701976776,0.50000536441803,68.6802102732549,274.717811817463,10.047815045467
6.84,0.999999701976776,0.500003814697266,85.8701095723552,343.47771539727,10.0166126084489
6.87,0.999999701976776,0.500002562999725,112.818972402211,451.273441890734,3.85182027953328
6.9,0.999999761581421,0.500002026557922,158.741991314721,500,-19.8662827782688
6.93,0.999999761581421,0.500001728534698,247.304448029423,500,-19.8662824802456
6.96,0.999999761581421,0.500001549720764,455.996918939792,500,-19.8662824802456
6.99,0.999999761581421,0.500001609325409,500,500,-19.8662824802456
7.02,0.999999582767487,0.500002443790436,500,500,-19.6977689987347
7.05,0.999999463558197,0.500003218650818,500,500,-19.6977687007115
7.08,0.999999582767487,0.500002503395081,500,500,-19.6977687007115
7.11,0.999999701976776,0.500002264976501,356.925877782213,500,-19.6977687007115
7.14,0.999999701976776,0.500002384185791,194.407713165525,500,-19.6977681046651
7.17,0.999999701976776,0.500002205371857,125.630556353962,500,3.15488928622579
7.2,0.999999701976776,0.500002861022949,90.1428125990613,360.569079744815,10.717944921622
7.23,0.999999701976776,0.5000039935112,69.4861324515917,277.942227041649,10.717944921622
7.26,0.999999582767487,0.500005900859833,56.4772462378012,225.906224612698,10.7179443255755
7.29,0.999999463558197,0.500009119510651,47.8442876063865,191.373557296454,4.95193988287436
7.32,0.999999165534973,0.500014841556549,41.923682545968,167.689612698746,3.40346421509781
7.35,0.999998927116394,0.50002384185791,37.7992542390285,151.189645455225,2.37235743638616
7.38,0.999998688697815,0.50003844499588,34.9366885607781,139.735826706324,1.65671601682354
7.41,0.999998271465302,0.500061213970184,33.01226232356,132.032656556673,0.905282280209777
7.44,0.999997854232788,0.500094950199127,31.8266600143458,127.282195947268,0.502755824429652
7.47,0.999997317790985,0.500112116336823,31.2573130535335,125.000887576317,0.679399099410844
7.5,0.999995827674866,0.500154972076416,31.239601819425,124.919167944915,0.67496652251214
7.53,0.999994099140167,0.500199794769287,31.7445464558762,126.926717954368,0.500235327549185
7.56,0.999992787837982,0.500230729579926,32.7766263740293,131.045087978557,0.63149208242031
7.59,0.999991834163666,0.500254154205322,34.3724155086447,137.418688241488,0.90164619980735
7.62,0.999991536140442,0.500259578227997,36.5993264932983,146.320103860395,2.0411337505518
7.65,0.999992907047272,0.500227928161621,39.5604911890252,158.168740132996,2.65262396801605
7.68,0.999995410442352,0.500167429447174,43.4057508995358,173.564087266998,3.4871667618489
7.71,0.999997079372406,0.500118017196655,48.3458246722216,193.33709968326,4.59876893946203
7.74,0.999998271465302,0.500079095363617,54.6652119417042,218.62588521618,9.89350391241004
7.77,0.999998509883881,0.500067472457886,62.7550198095505,250.985835926647,9.57967889682783
7.8,0.999998927116394,0.500040292739868,73.143679301901,292.550827960168,9.47355212341914
7.83,0.999999344348907,0.500023126602173,86.5725412087239,346.27392151092,9.37528740705535
7.86,0.999999582767487,0.500012695789337,104.077485595203,416.299198188925,3.87796933711275
7.89,0.999999701976776,0.500006973743439,127.143045149586,500,1.49120977937212
7.92,0.999999761581421,0.500001609325409,157.961803070637,500,-19.6778291566551
7.95,0.99999988079071,0.500000894069672,199.920501691963,500,-19.7380380795104
7.98,0.99999988079071,0.500000536441803,258.56154420493,500,-19.7880467532562
8.01,0.99999988079071,0.500000298023224,343.682962527129,500,-19.8280447984046
8.04,1,0.500000238418579,474.331279347577,500,-19.8584891030601
8.07,1,0.50000011920929,500,500,-20.2048521899919
8.1,1,0.50000011920929,500,500,-20.2187404237536
8.13,1,0.50000011920929,500,500,-20.2262725377078
8.16,1,0.50000011920929,500,500,-20.2291954569602
8.19,1,0.50000011920929,500,500,-20.2296323674084
8.22,1,0.50000011920929,500,500,-19.3110915214689
8.25,1,0.500000059604645,500,500,-19.3110915214689
8.28,1,0.500000059604645,500,500,-19.3110915214689
8.31,1,0.500000059604645,500,500,-19.3110915214689
8.34,1,0.50000011920929,500,500,-19.3110915214689
8.37,1,0.50000011920929,451.542887678952,500,-19.7424354085577
8.4,1,0.500000178813934,323.277379783547,500,-19.7424354085577
8.43,1,0.500000238418579,240.693801642746,500,-19.7424354085577
8.46,0.99999988079071,0.500000476837158,184.565005904322,500,-19.958618508675
8.49,0.99999988079071,0.500000834465027,144.953023686852,500,0.475730865510121
8.52,0.99999988079071,0.500001609325409,116.228990506819,464.914410207826,3.1452883755321
8.55,0.999999761581421,0.500003159046173,94.9720277855678,379.885620417457,9.67861642567513
8.58,0.999999761581421,0.500006079673767,78.9896921645699,315.954851522994,9.58035230535725
8.61,0.999999701976776,0.500011801719666,66.8207095003926,267.276449701612,9.47422612799429
8.64,0.999999463558197,0.500022411346436,57.4627023753323,229.840384134799,9.36121109451446
8.67,0.999999165534973,0.500036418437958,50.2130665236764,200.837470116624,10.0347204813528
8.7,0.999998688697815,0.500064134597778,44.5731645460231,178.269557895757,3.55459028590328
8.73,0.999997735023499,0.500097393989563,40.1830440120283,160.700509466028,2.33029129686157
8.76,0.999996483325958,0.500138163566589,36.7834354964074,147.092578893581,1.35159208578339
8.79,0.999994874000549,0.500182390213013,34.1868955540762,136.69701685223,0.572979763001774
8.82,0.999995589256287,0.50016450881958,32.2558833424055,128.980527411257,-0.126613935610879
8.85,0.99999612569809,0.500148117542267,30.9033853326295,123.576454732825,-0.591504015342408
8.88,0.999996900558472,0.500127851963043,30.0712811741317,120.25400245926,-0.922951684945379
8.91,0.999997615814209,0.500106155872345,29.7318257610691,118.901775256139,-16.0595829236389
8.94,0.999998152256012,0.500085115432739,29.8862148370805,119.524291736399,-16.1725961689794
8.97,0.999999225139618,0.500042855739594,30.5657623659801,122.25247628655,-1.27898980050101
9,0.999999582767487,0.500030219554901,31.8449914511832,127.372214394418,-1.05744366928587
9.03,0.999999761581421,0.500020802021027,33.8464243987392,135.380032959907,-0.646654942819603
9.06,0.999999761581421,0.500013709068298,36.7720719235799,147.084219850508,0.00455363411118537
9.09,0.99999988079071,0.500008761882782,40.9478672436987,163.788579256665,0.978153014918309
9.12,0.999999761581421,0.500004410743713,46.9098394098793,187.63765765957,4.16462136549973
9.15,0.999999761581421,0.500002861022949,55.5757565317431,222.301701105264,9.88715283928412
9.18,0.99999988079071,0.500001907348633,68.6102479458139,274.439912162157,9.84715419808931
9.21,0.99999988079071,0.500001311302185,89.2861820810596,357.143749102512,9.81671108552673
9.24,0.99999988079071,0.500001013278961,124.787723125722,499.14982144344,2.31630225445504
9.27,0.99999988079071,0.500000774860382,193.573778929393,500,-19.8835583538616
9.3,0.99999988079071,0.500000715255737,356.096929891278,500,-19.8835583538616
9.33,0.99999988079071,0.500000774860382,500,500,-19.8835583538616
9.36,0.99999988079071,0.500000953674316,500,500,-19.8835583538616
9.39,0.999999761581421,0.500001311302185,500,500,-19.8835589499081
9.42,0.999999761581421,0.500001132488251,500,500,-19.7818634731596
9.45,0.999999761581421,0.500001013278961,412.372148811152,500,-19.7818634731596
9.48,0.99999988079071,0.500001072883606,223.378060827446,500,-19.781864069206
9.51,0.999999761581421,0.50000125169754,143.117766612048,500,0.906359269589199
9.54,0.999999761581421,0.500001668930054,101.449764752865,405.797607765777,5.07316005155395
9.57,0.99999988079071,0.500001728534698,76.9531033360371,307.811312524981,10.3914636176593
9.6,0.999999761581421,0.500002562999725,61.2868381317133,245.146037460716,10.3914636176593
9.63,0.999999761581421,0.500003933906555,50.6460703130973,202.582639070189,10.3914642137057
9.66,0.999999701976776,0.500006377696991,43.089990469715,172.357712021066,3.44763726947877
9.69,0.999999582767487,0.500010550022125,37.5426391045921,150.167325225122,1.99167653156629
9.72,0.999999582767487,0.50001186132431,33.3676666376832,133.467444661139,1.03649464506869
9.75,0.999999463558197,0.500019907951355,30.17038276109,120.67666145553,0.237173079873962
9.78,0.999999225139618,0.500032961368561,27.6949006628908,110.772214405267,-15.0587699663076
9.81,0.999999046325684,0.500053465366364,25.7708345854511,103.07221844603,-15.1561689460773
9.84,0.999998390674591,0.500079810619354,24.2819763977948,97.1122481034369,-15.2585667415013
9.87,0.999996244907379,0.500145256519318,23.1499534368237,92.5725724870902,-14.9241739862457
9.9,0.999994099140167,0.50020295381546,22.3176912068153,89.2340172844374,-14.9241739862457
9.93,0.999991297721863,0.500272154808044,21.7497302299071,86.950835654847,-15.1755640643788
9.96,0.999987900257111,0.500348806381226,21.4237603364075,85.6342649015644,-15.2871529636434
9.99,0.999987423419952,0.5003582239151,21.3263632815989,85.2433078925573,-15.3981384307341
10.02,0.999995291233063,0.500172019004822,21.4527171410191,85.7809525925003,-14.8437324212965
10.05,0.999996483325958,0.500138938426971,21.8299306071816,87.2951580498419,-14.8436990426954
10.08,0.999997556209564,0.50010758638382,22.4761042587777,89.8848565542025,-15.0925828431363
10.11,0.999998271465302,0.500080227851868,23.4318575529155,93.7122315384865,-15.1899797356001
10.14,0.999998927116394,0.500057935714722,24.7588837926152,99.0239548696588,-15.2814418689488
10.17,0.999999165534973,0.500046670436859,26.5491079266945,106.186431555271,-15.1602788194079
10.2,0.999999344348907,0.500030875205994,28.9379119358537,115.744424584817,-15.2374730922558
10.23,0.999999582767487,0.500020146369934,32.1315323516183,128.52089732211,0.226287190098914
10.26,0.999999701976776,0.500013113021851,36.4493467013726,145.793519767262,1.24511249912093
10.29,0.999999761581421,0.500008583068848,42.4063317724163,169.622374886792,2.68246935297246
10.32,0.999999701976776,0.500006973743439,50.8749611271112,203.496945589787,9.8570867497672
10.35,0.999999701976776,0.500004827976227,63.4295155928008,253.715536892167,9.82261542565027
10.38,0.999999761581421,0.500003516674042,83.1578398937674,332.62894077445,9.79637774487799
10.41,0.999999761581421,0.500002682209015,116.829938822837,467.317136989162,3.09473710205654
10.44,0.999999761581421,0.500002264976501,181.832701182903,500,-20.2342383492784
10.47,0.999999761581421,0.500002145767212,335.099084545189,500,-20.0473130680338
10.5,0.999999761581421,0.500002205371857,500,500,-20.0498321353445
